contact_cat	contact_lab	contact_1	contact_2	contact_cat2	contact_cat3
N_int	N_int_grands	ABplpappp_ABprpapppp	ABprpapppp_ABplpappp	none	none
N_int	N_int_grandL	ABplpapppp_ABprpapppp	ABprpapppp_ABplpapppp	none	none
N_int	N_int_mom	ABplpapppp_ABprpappppa	ABprpappppa_ABplpapppp	none	none
gland_int	gland_int_DvirR	ABplpappppp_ABprpappppa	ABprpappppa_ABplpappppp	gland_virR	gland_vir
gland_int	gland_int_DvirL	ABplpappppp_ABprpappppp	ABprpappppp_ABplpappppp	gland_virL	gland_vir
gland_int	gland_int_RvirR	Abprppppaap_ABprpappppa	ABprpappppa_Abprppppaap	gland_virR	gland_vir
gland_int	gland_int_LvirL	ABplppppaap_ABprpappppp	ABprpappppp_ABplppppaap	gland_virL	gland_vir
gland_int	gland_int_LvirR	ABplppppaap_Abprpappppa	ABprpappppa_ABplppppaap	gland_virR	gland_vir
gland_int	gland_int_RvirL	Abprppppaap_Abprpapppp	ABprpappppp_Abprppppaap	gland_virL	gland_vir
vir_vir	vir_vir_1	ABprpappppa_ABprpappppp	ABprpappppp_ABprpappppa	none	vir_vir
gut_gut	gut_gut_1	Eplpp_Eprpp	Eprpp_Eplpp	none	none
vir_gut	vir_gut_Lmom	Eplpp_ABprpapppp	ABprpapppp_Eplpp	gut_virL	gut_virL
vir_gut	vir_gut_LvirL	Eplpp_ABprpappppp	ABprpappppp_Eplpp	gut_virL	gut_virL
vir_gut	vir_gut_Rmom	Eprpp_ABprpapppp	ABprpapppp_Eprpp	none	none
vir_gut	vir_gut_RvirL	Eprpp_ABprpappppp	ABprpappppp_Eprpp	gut_virL	none
vir_gut	vir_gut_RvirR	Eprpp_ABprpappppa	ABprpappppa_Eprpp	gut_virR	gut_virR
vir_gut	vir_gut_LvirR	Eplpp_ABprpappppa	ABprpappppa_Eplpp	gut_virR	none
vir_gut	vir_gut_LvirL	Eplppa_ABprpappppp	ABprpappppp_Eplppa	gut_virL	gut_virL
vir_gut	vir_gut_RvirR	Eprppa_ABprpappppa	ABprpappppa_Eprppa	gut_virR	gut_virR
mus_gut	musL_gutL	Eplpp_ABplpppppa	ABplpppppa_Eplpp	musL_gutL	none
mus_gut	musR_gutL	Eplpp_ABprpppppa	ABprpppppa_Eplpp	musR_gutL	none
mus_gut	musL_gutL	Eplpp_ABplpppppaa	ABplpppppaa_Eplpp	musL_gutL	none
mus_gut	musR_gutL	Eplpp_ABprpppppaa	ABprpppppaa_Eplpp	musR_gutL	none
mus_gut	musR_gutL	Eplpp_ABprpppppap	ABprpppppap_Eplpp	musR_gutL	none
mus_gut	musL_gutR	Eprpp_ABplpppppa	ABplpppppa_Eprpp	mus_gutR	none
mus_gut	musR_gutR	Eprpp_ABprpppppa	ABprpppppa_Eprpp	mus_gutR	none
mus_gut	musL_gutR	Eprpp_ABplpppppaa	ABplpppppaa_Eprpp	mus_gutR	none
mus_gut	musR_gutR	Eprpp_ABprpppppaa	ABprpppppaa_Eprpp	mus_gutR	none
