genotype	markers	markers2	strain	strain notes	desc	id	stage	orientation	cell ct	cell ct HC	A* chr	P* chr	PKC-3 scoring	gut/rectum look connected?	notes	other notes/mitosis timing	collapsed_stage	A* mitosis any	P* mitosis any	A* gap	P* gap	other gap	any gap	int5 mitosis
wow118hisGFP.gk117.wowIs3zuIs70.emb	His PKC-3 CAAX	HC	JLF1527	none	control	20230522 #1	1.8f		20	20	n	n	cont	y		post	1.5-2f	FALSE	FALSE	FALSE	FALSE	FALSE	FALSE	FALSE
wow118hisGFP.gk117.wowIs3zuIs70.emb	His PKC-3 CAAX	HC	JLF1527	none	control	20230522 #7	b	V	16	16	n	n	cont	n		pre	bean	FALSE	FALSE	FALSE	FALSE	FALSE	FALSE	FALSE
wow118hisGFP.gk117.wowIs3zuIs70.emb	His PKC-3 CAAX	HC	JLF1527	none	control	20230501 #1	lE16	D	16	16	n	n	cont	n		pre	bean	FALSE	FALSE	FALSE	FALSE	FALSE	FALSE	FALSE
wow118hisGFP.gk117.wowIs3zuIs70.emb	His PKC-3 CAAX	HC	JLF1527	none	control	20230501 #3	c/1.5f		21	21	n	n	cont	n		post	comma	FALSE	FALSE	FALSE	FALSE	FALSE	FALSE	FALSE
wow118hisGFP.gk117.wowIs3zuIs70.emb	His PKC-3 CAAX	HC	JLF1527	none	control	20230501 #4	1.5f		20	20	n	n	cont	y		post	1.5-2f	FALSE	FALSE	FALSE	FALSE	FALSE	FALSE	FALSE
wow118hisGFP.gk117.wowIs3zuIs70.emb	His PKC-3 CAAX	HC	JLF1527	none	control	20230501 #5	b	D	16	16	n	n	cont	n		pre	bean	FALSE	FALSE	FALSE	FALSE	FALSE	FALSE	FALSE
wow118hisGFP.gk117.wowIs3zuIs70.emb	His PKC-3 CAAX	HC	JLF1527	none	control	20230501 #6	lE16	D	16	16	n	n	cont	n		pre	bean	FALSE	FALSE	FALSE	FALSE	FALSE	FALSE	FALSE
wow118hisGFP.gk117.wowIs3zuIs70.emb	His PKC-3 CAAX	HC	JLF1527	none	control	20230501 #7	1.5f		21	21	n	n	cont	n	also a >2f w cont PKC-3	post	1.5-2f	FALSE	FALSE	FALSE	FALSE	FALSE	FALSE	FALSE
wow118hisGFP.gk117.wowIs3zuIs70.emb	His PKC-3 CAAX	HC	JLF1527	none	control	20230501 #8	b	V	16	16	n	n	cont	n		pre	bean	FALSE	FALSE	FALSE	FALSE	FALSE	FALSE	FALSE
wow118hisGFP.gk117.wowIs3zuIs70.emb	His PKC-3 CAAX	HC	JLF1527	none	control	20230501 #9	b	D	16	16	n	n	cont	n		pre	bean	FALSE	FALSE	FALSE	FALSE	FALSE	FALSE	FALSE
wow118hisGFP.gk117.wowIs3zuIs70.emb	His PKC-3 CAAX	HC	JLF1527	none	control	20230501 #10	c/1.5f		20	20	n	n	cont	n	weird branch in pharynx	post	comma	FALSE	FALSE	FALSE	FALSE	FALSE	FALSE	FALSE
wow118hisGFP.gk117.wowIs3zuIs70.emb	His PKC-3 CAAX	HC	JLF1527	none	control	20230501 #11	lE16	D	16	16	n	n	cont	n		pre	bean	FALSE	FALSE	FALSE	FALSE	FALSE	FALSE	FALSE
wow118hisGFP.gk117.wowIs3zuIs70.emb	His PKC-3 CAAX	HC	JLF1527	none	control	20230501 #12	b/c	V	20	20	n	n	cont	n		pre	comma	FALSE	FALSE	FALSE	FALSE	FALSE	FALSE	FALSE
wow118hisGFP.gk117.wowIs3zuIs70.emb	His PKC-3 CAAX	HC	JLF1527	none	control	20230501 #13	1.8f		21	21	n	n	cont	y	moving	post	1.5-2f	FALSE	FALSE	FALSE	FALSE	FALSE	FALSE	FALSE
wow118hisGFP.gk117.wowIs3zuIs70.emb	His PKC-3 CAAX	HC	JLF1527	none	control	20230501 #14	lE16	V	16	16	n	n	cont	n		pre	bean	FALSE	FALSE	FALSE	FALSE	FALSE	FALSE	FALSE
wow118hisGFP.gk117.wowIs3zuIs70.emb	His PKC-3 CAAX	HC	JLF1527	none	control	20230501 #16	c/1.5f		20	20	n	n	cont	n		post	comma	FALSE	FALSE	FALSE	FALSE	FALSE	FALSE	FALSE
wow118hisGFP.gk117.wowIs3zuIs70.emb	His PKC-3 CAAX	HC	JLF1527	none	control	20230501 #17	b	V	16	16	n	n	cont	n		pre	bean	FALSE	FALSE	FALSE	FALSE	FALSE	FALSE	FALSE
wow118hisGFP.gk117.wowIs3zuIs70.emb	His PKC-3 CAAX	HC	JLF1527	none	control	20230501 #18	lE16	V	16	16	n	n	cont	n		pre	bean	FALSE	FALSE	FALSE	FALSE	FALSE	FALSE	FALSE
wow118hisGFP.gk117.wowIs3zuIs70.emb	His PKC-3 CAAX	HC	JLF1527	none	control	20230501 #19	1.5f		20	20	n	n	cont	n			1.5-2f	FALSE	FALSE	FALSE	FALSE	FALSE	FALSE	FALSE
wow118hisGFP.gk117.wowIs3zuIs70.emb	His PKC-3 CAAX	HC	JLF1527	none	control	20230501 #20	b/c	V	20	20	n	yn	cont	n			comma	FALSE	TRUE	FALSE	FALSE	FALSE	FALSE	FALSE
wow118hisGFP.gk117.wowIs3zuIs70.emb	His PKC-3 CAAX	HC	JLF1527	none	control	20230501 #21	1.5f		20	20	n	n	cont	n			1.5-2f	FALSE	FALSE	FALSE	FALSE	FALSE	FALSE	FALSE
wow118hisGFP.gk117.wowIs3zuIs70.emb	His PKC-3 CAAX	HC	JLF1527	none	control	20230501 #22	1.5f		20	20	n	n	cont	n			1.5-2f	FALSE	FALSE	FALSE	FALSE	FALSE	FALSE	FALSE
wow118hisGFP.gk117.wowIs3zuIs70.emb	His PKC-3 CAAX	HC	JLF1527	none	control	20230501 #24	b/c		17	17	n	n	cont	n	bonus div underway		comma	FALSE	FALSE	FALSE	FALSE	FALSE	FALSE	TRUE
wow118hisGFP.gk117.wowIs3zuIs70.emb	His PKC-3 CAAX	HC	JLF1527	none	control	20230501 #25	b	D	17	17	n	n	cont	n	bonus div underway		bean	FALSE	FALSE	FALSE	FALSE	FALSE	FALSE	TRUE
wow118hisGFP.gk117.wowIs3zuIs70.emb	His PKC-3 CAAX	HC	JLF1527	none	control	20230501 #26	1.5f		20	20	n	n	cont	n	bonus div underway	post	1.5-2f	FALSE	FALSE	FALSE	FALSE	FALSE	FALSE	TRUE
wow118hisGFP.gk117.wowIs3zuIs70.emb	His PKC-3 CAAX	HC	JLF1527	none	control	20230501 #27	1.5f		21	21	n	n	cont	n		post	1.5-2f	FALSE	FALSE	FALSE	FALSE	FALSE	FALSE	FALSE
wow118hisGFP.gk117.wowIs3zuIs70.emb	His PKC-3 CAAX	HC	JLF1527	none	control	20230501 #28	1.5f		21	21	n	n	cont	n		post	1.5-2f	FALSE	FALSE	FALSE	FALSE	FALSE	FALSE	FALSE
wow118hisGFP.gk117.wowIs3zuIs70.emb	His PKC-3 CAAX	HC	JLF1527	none	control	20230501 #29	b	V	16	16	n	n	cont	n		pre	bean	FALSE	FALSE	FALSE	FALSE	FALSE	FALSE	FALSE
wow118hisGFP.gk117.wowIs3zuIs70.emb	His PKC-3 CAAX	HC	JLF1527	none	control	20230501 #30	lE16	D	20	20	n	yn	cont	n		mid	bean	FALSE	TRUE	FALSE	FALSE	FALSE	FALSE	FALSE
wow118hisGFP.gk117.wowIs3zuIs70.emb	His PKC-3 CAAX	HC	JLF1527	none	control	20230501 #31	1.5f		21	21	n	n	cont	n		post	1.5-2f	FALSE	FALSE	FALSE	FALSE	FALSE	FALSE	FALSE
wow118hisGFP.gk117.wowIs3zuIs70.emb	His PKC-3 CAAX	HC	JLF1527	none	control	20230501 #32	c/1.5f		21	21	n	n	cont	n		post	comma	FALSE	FALSE	FALSE	FALSE	FALSE	FALSE	FALSE
wow118hisGFP.gk117.wowIs3zuIs70.emb	His PKC-3 CAAX	HC	JLF1527	none	control	20230501 #33	b	V	20	20	n	yn	cont	n		mid	bean	FALSE	TRUE	FALSE	FALSE	FALSE	FALSE	FALSE
wow118hisGFP.gk117.wowIs3zuIs70.emb	His PKC-3 CAAX	HC	JLF1527	none	control	20230501 #34	lE16	D	16	16	n	n	cont	n		pre	bean	FALSE	FALSE	FALSE	FALSE	FALSE	FALSE	FALSE
wow118hisGFP.gk117.wowIs3zuIs70.emb	His PKC-3 CAAX	HC	JLF1527	none	control	20230501 #36	lE16	V	19	19	yn	yn	cont	n		mid	bean	TRUE	TRUE	FALSE	FALSE	FALSE	FALSE	FALSE
wow118hisGFP.gk117.wowIs3zuIs70.emb	His PKC-3 CAAX	HC	JLF1527	none	control	20230501 #37	1.5f		20	20	n	n	cont	n		post	1.5-2f	FALSE	FALSE	FALSE	FALSE	FALSE	FALSE	FALSE
wow118hisGFP.cdk-1gk117.wowIs3zuIs70	His PKC-3 CAAX	HC	JLF1561	none	cdk-1	20230719 #41	lE16	V	12	12	n	n	cont	n			bean	FALSE	FALSE	FALSE	FALSE	FALSE	FALSE	FALSE
wow118hisGFP.cdk-1gk117.wowIs3zuIs70	His PKC-3 CAAX	HC	JLF1561	none	cdk-1	20230719 #42	c		14	14	n	n	cont	0			comma	FALSE	FALSE	FALSE	FALSE	FALSE	FALSE	FALSE
wow118hisGFP.cdk-1gk117.wowIs3zuIs70	His PKC-3 CAAX	HC	JLF1561	none	cdk-1	20230719 #43	lE16	D	12	12	n	n	cont	0	zig zaggy PKC		bean	FALSE	FALSE	FALSE	FALSE	FALSE	FALSE	FALSE
wow118hisGFP.cdk-1gk117.wowIs3zuIs70	His PKC-3 CAAX	HC	JLF1561	none	cdk-1	20230719 #44	2f		11	11	n	n	cont	1			1.5-2f	FALSE	FALSE	FALSE	FALSE	FALSE	FALSE	FALSE
wow118hisGFP.cdk-1gk117.wowIs3zuIs70	His PKC-3 CAAX	HC	JLF1561	none	cdk-1	20230719 #45 T	1.8f		13	13	n	n	cont	0			1.5-2f	FALSE	FALSE	FALSE	FALSE	FALSE	FALSE	FALSE
wow118hisGFP.cdk-1gk117.wowIs3zuIs70	His PKC-3 CAAX	HC	JLF1561	none	cdk-1	20230719 #45 B	1.5f		12	12	n	n	cont	0			1.5-2f	FALSE	FALSE	FALSE	FALSE	FALSE	FALSE	FALSE
wow118hisGFP.cdk-1gk117.wowIs3zuIs70	His PKC-3 CAAX	HC	JLF1561	none	cdk-1	20230719 #46	lE16	D	14	14	n	n	cont	0			bean	FALSE	FALSE	FALSE	FALSE	FALSE	FALSE	FALSE
wow118hisGFP.cdk-1gk117.wowIs3zuIs70	His PKC-3 CAAX	HC	JLF1561	none	cdk-1	20230719 #47	b	D	8	8	n	n	cont	0			bean	FALSE	FALSE	FALSE	FALSE	FALSE	FALSE	FALSE
wow118hisGFP.cdk-1gk117.wowIs3zuIs70	His PKC-3 CAAX	HC	JLF1561	none	cdk-1	20230719 #48 L	1.5f		12	12	n	n	cont	0	flare of pkc		1.5-2f	FALSE	FALSE	FALSE	FALSE	FALSE	FALSE	FALSE
wow118hisGFP.cdk-1gk117.wowIs3zuIs70	His PKC-3 CAAX	HC	JLF1561	none	cdk-1	20230719 #48 M	1.8f		14	14	n	n	cont	1	MS: nd # cells		1.5-2f	FALSE	FALSE	FALSE	FALSE	FALSE	FALSE	FALSE
wow118hisGFP.cdk-1gk117.wowIs3zuIs70	His PKC-3 CAAX	HC	JLF1561	none	cdk-1	20230719 #48 R	lE16	D	13	13	n	n	cont	0			bean	FALSE	FALSE	FALSE	FALSE	FALSE	FALSE	FALSE
wow118hisGFP.cdk-1gk117.wowIs3zuIs70	His PKC-3 CAAX	HC	JLF1561	none	cdk-1	20230719 #49	1.8f		12	12	n	n	cont	1			1.5-2f	FALSE	FALSE	FALSE	FALSE	FALSE	FALSE	FALSE
wow118hisGFP.cdk-1gk117.wowIs3zuIs70	His PKC-3 CAAX	HC	JLF1561	none	cdk-1	20230719 #50	b/c	V	12	12	n	n	cont	0			comma	FALSE	FALSE	FALSE	FALSE	FALSE	FALSE	FALSE
wow118hisGFP.cdk-1gk117.wowIs3zuIs70	His PKC-3 CAAX	HC	JLF1561	none	cdk-1	20230719 #51	c/1.5f		11	11	n	n	cont	0			comma	FALSE	FALSE	FALSE	FALSE	FALSE	FALSE	FALSE
wow118hisGFP.cdk-1gk117.wowIs3zuIs70	His PKC-3 CAAX	HC	JLF1561	none	cdk-1	20230719 #52	lE16	D	16	16	n	n	cont	0	looks like WT		bean	FALSE	FALSE	FALSE	FALSE	FALSE	FALSE	FALSE
wow118hisGFP.cdk-1gk117.wowIs3zuIs70	His PKC-3 CAAX	HC	JLF1561	none	cdk-1	20230719 #53	lE16	V	13	13	n	n	cont	0			bean	FALSE	FALSE	FALSE	FALSE	FALSE	FALSE	FALSE
wow118hisGFP.cdk-1gk117.wowIs3zuIs70	His PKC-3 CAAX	HC	JLF1561	none	cdk-1	20230719 #54	lE16	D	8	8	n	n	cont	0			bean	FALSE	FALSE	FALSE	FALSE	FALSE	FALSE	FALSE
wow118hisGFP.cdk-1gk117.wowIs3zuIs70	His PKC-3 CAAX	HC	JLF1561	none	cdk-1	20230719 #56	2f		13	13	n	n	cont	1			1.5-2f	FALSE	FALSE	FALSE	FALSE	FALSE	FALSE	FALSE
wow118hisGFP.cdk-1gk117.wowIs3zuIs70	His PKC-3 CAAX	HC	JLF1561	none	cdk-1	20230719 #57	1.5f		12	12	n	n	cont	0			1.5-2f	FALSE	FALSE	FALSE	FALSE	FALSE	FALSE	FALSE
wow118hisGFP.cdk-1gk117.wowIs3zuIs70	His PKC-3 CAAX	HC	JLF1561	none	cdk-1	20230719 #58	c		14	14	n	n	cont	0			comma	FALSE	FALSE	FALSE	FALSE	FALSE	FALSE	FALSE
wow118hisGFP.cdk-1gk117.wowIs3zuIs70	His PKC-3 CAAX	HC	JLF1561	none	cdk-1	20230719 #59	b/c		13	13	n	n	cont	0			comma	FALSE	FALSE	FALSE	FALSE	FALSE	FALSE	FALSE
wow118hisGFP.cdk-1gk117.wowIs3zuIs70	His PKC-3 CAAX	HC	JLF1561	none	cdk-1	20230719 #60	1.5f		10	10	n	n	mid	0	gap is in middle		1.5-2f	FALSE	FALSE	FALSE	FALSE	TRUE	TRUE	FALSE
wow118hisGFP.cdk-1gk117.wowIs3zuIs70	His PKC-3 CAAX	HC	JLF1561	none	cdk-1	20230719 #61	2f		11	11	n	n	cont	1			1.5-2f	FALSE	FALSE	FALSE	FALSE	FALSE	FALSE	FALSE
wow118hisGFP.cdk-1gk117.wowIs3zuIs70	His PKC-3 CAAX	HC	JLF1561	none	cdk-1	20230719 #62	c/1.5f		11	11	n	n	cont	0			comma	FALSE	FALSE	FALSE	FALSE	FALSE	FALSE	FALSE
wow118hisGFP.cdk-1gk117.wowIs3zuIs70	His PKC-3 CAAX	HC	JLF1561	none	cdk-1	20230719 #63	1.8f		12	12	n	n	cont	1			1.5-2f	FALSE	FALSE	FALSE	FALSE	FALSE	FALSE	FALSE
wow118hisGFP.cdk-1gk117.wowIs3zuIs70	His PKC-3 CAAX	HC	JLF1561	none	cdk-1	20230719 #64	1.8f		12	12	n	n	cont	1			1.5-2f	FALSE	FALSE	FALSE	FALSE	FALSE	FALSE	FALSE
wow118hisGFP.cdk-1gk117.wowIs3zuIs70	His PKC-3 CAAX	HC	JLF1561	none	cdk-1	20230719 #65	1.8f		12	12	n	n	cont	0			1.5-2f	FALSE	FALSE	FALSE	FALSE	FALSE	FALSE	FALSE
wow118hisGFP.cdk-1gk117.wowIs3zuIs70	His PKC-3 CAAX	HC	JLF1561	none	cdk-1	20230719 #66	1.5f		12	12	n	n	cont	0			1.5-2f	FALSE	FALSE	FALSE	FALSE	FALSE	FALSE	FALSE
wow118hisGFP.cdk-1gk117.wowIs3zuIs70	His PKC-3 CAAX	HC	JLF1561	none	cdk-1	20230719 #68	1.8f		12	12	n	n	cont	0			1.5-2f	FALSE	FALSE	FALSE	FALSE	FALSE	FALSE	FALSE
wow118hisGFP.cdk-1gk117.wowIs3zuIs70	His PKC-3 CAAX	HC	JLF1561	none	cdk-1	20230719 #69	c		12	12	n	n	cont	0			comma	FALSE	FALSE	FALSE	FALSE	FALSE	FALSE	FALSE
wow118hisGFP.cdk-1gk117.wowIs3zuIs70	His PKC-3 CAAX	HC	JLF1561	none	cdk-1	20230719 #70, 67	1.5f		13	13	n	n	p* gap	0	near gap, one posterior cell. Origianlly called as not a gap		1.5-2f	FALSE	FALSE	FALSE	TRUE	FALSE	TRUE	FALSE
wow118hisGFP.cdk-1gk117.wowIs3zuIs70	His PKC-3 CAAX	HC	JLF1561	none	cdk-1	20230719 #71	1.5f		12	12	n	n	cont	0			1.5-2f	FALSE	FALSE	FALSE	FALSE	FALSE	FALSE	FALSE
wow118hisGFP.cdk-1gk117.wowIs3zuIs70	His PKC-3 CAAX	HC	JLF1561	none	cdk-1	20230719 #72	2f		13	13	n	n	cont	1			1.5-2f	FALSE	FALSE	FALSE	FALSE	FALSE	FALSE	FALSE
wow118hisGFP.cdk-1gk117.wowIs3zuIs70	His PKC-3 CAAX	HC	JLF1561	none	cdk-1	20230719 #73	b	D	14	14	n	n	cont	0			bean	FALSE	FALSE	FALSE	FALSE	FALSE	FALSE	FALSE
wow118hisGFP.cdk-1gk117.wowIs3zuIs70	His PKC-3 CAAX	HC	JLF1561	none	cdk-1	20230719 #74	c		12	12	n	n	cont	0			comma	FALSE	FALSE	FALSE	FALSE	FALSE	FALSE	FALSE
wow118hisGFP.cdk-1gk117.wowIs3zuIs70	His PKC-3 CAAX	HC	JLF1561	none	cdk-1	20230719 #75	2f		11	11	n	n	cont	1			1.5-2f	FALSE	FALSE	FALSE	FALSE	FALSE	FALSE	FALSE
wow118hisGFP.cdk-1gk117.wowIs3zuIs70	His PKC-3 CAAX	HC	JLF1561	none	cdk-1	20230719 #76	b/c	D	13	13	n	n	cont	0			comma	FALSE	FALSE	FALSE	FALSE	FALSE	FALSE	FALSE
wow118hisGFP.cdk-1gk117.wowIs3zuIs70	His PKC-3 CAAX	HC	JLF1561	none	cdk-1	20230719 #77	b	D	12	12	n	n	cont	0			bean	FALSE	FALSE	FALSE	FALSE	FALSE	FALSE	FALSE
wow118hisGFP.cdk-1gk117.wowIs3zuIs70	His PKC-3 CAAX	HC	JLF1561	none	cdk-1	20230719 #78	2f		12	12	n	n	cont	1	not confident in cell count because of movement		1.5-2f	FALSE	FALSE	FALSE	FALSE	FALSE	FALSE	FALSE
wow118hisGFP.cdk-1gk117.wowIs3zuIs70	His PKC-3 CAAX	HC	JLF1561	none	cdk-1	20230719 #79	b/c		12	12	n	n	cont	0			comma	FALSE	FALSE	FALSE	FALSE	FALSE	FALSE	FALSE
wow118hisGFP.cdk-1gk117.wowIs3zuIs70	His PKC-3 CAAX	HC	JLF1561	none	cdk-1	20230719 #80 T	1.8f		15	15	n	n	cont	0	thin at post around where maybe just one cell		1.5-2f	FALSE	FALSE	FALSE	FALSE	FALSE	FALSE	FALSE
wow118hisGFP.cdk-1gk117.wowIs3zuIs70	His PKC-3 CAAX	HC	JLF1561	none	cdk-1	20230719 #80 L	2f		14	14	n	n	cont	1			1.5-2f	FALSE	FALSE	FALSE	FALSE	FALSE	FALSE	FALSE
wow118hisGFP.cdk-1gk117.wowIs3zuIs70	His PKC-3 CAAX	HC	JLF1561	none	cdk-1	20230719 #80 R	1.8f		11	11	n	n	cont	1			1.5-2f	FALSE	FALSE	FALSE	FALSE	FALSE	FALSE	FALSE
wow118hisGFP.cdk-1gk117.wowIs3zuIs70	His PKC-3 CAAX	HC	JLF1561	none	cdk-1	20230719 #81 T	1.5f		12	12	n	n	cont	0			1.5-2f	FALSE	FALSE	FALSE	FALSE	FALSE	FALSE	FALSE
wow118hisGFP.cdk-1gk117.wowIs3zuIs70	His PKC-3 CAAX	HC	JLF1561	none	cdk-1	20230719 #81 B	1.8f		12	12	n	n	cont	1			1.5-2f	FALSE	FALSE	FALSE	FALSE	FALSE	FALSE	FALSE
wow118hisGFP.cdk-1gk117.wowIs3zuIs70	His PKC-3 CAAX	HC	JLF1561	none	cdk-1	20230719 #82	lE16	V	14	14	n	n	cont	0			bean	FALSE	FALSE	FALSE	FALSE	FALSE	FALSE	FALSE
wow118hisGFP.cdk-1gk117.wowIs3zuIs70	His PKC-3 CAAX	HC	JLF1561	none	cdk-1	20230719 #83	c/1.5f		15	15	n	n	cont	0			comma	FALSE	FALSE	FALSE	FALSE	FALSE	FALSE	FALSE
wow118hisGFP.cdk-1gk117.wowIs3zuIs70	His PKC-3 CAAX	HC	JLF1561	none	cdk-1	20230719 #84	2f		10	10	n	n	cont	1			1.5-2f	FALSE	FALSE	FALSE	FALSE	FALSE	FALSE	FALSE
wow118hisGFP.cdk-1gk117.wowIs3zuIs70	His PKC-3 CAAX	HC	JLF1561	none	cdk-1	20230719 #85	1.8f		12	12	n	n	cont	1			1.5-2f	FALSE	FALSE	FALSE	FALSE	FALSE	FALSE	FALSE
wow118hisGFP.cdk-1gk117.wowIs3zuIs70	His PKC-3 CAAX	HC	JLF1561	none	cdk-1	20230719 #88	lE16	V	13	13	n	n	cont	0			bean	FALSE	FALSE	FALSE	FALSE	FALSE	FALSE	FALSE
wow118hisGFP.cdk-1gk117.wowIs3zuIs70	His PKC-3 CAAX	HC	JLF1561	none	cdk-1	20230719 #89	1.8f		14	14	n	n	cont	1			1.5-2f	FALSE	FALSE	FALSE	FALSE	FALSE	FALSE	FALSE
wow118hisGFP.cdk-1gk117.wowIs3zuIs70	His PKC-3 CAAX	HC	JLF1561	none	cdk-1	20230719 #90	c		11	11	n	n	cont	0			comma	FALSE	FALSE	FALSE	FALSE	FALSE	FALSE	FALSE
wow118hisGFP.cdk-1gk117.wowIs3zuIs70	His PKC-3 CAAX	HC	JLF1561	none	cdk-1	20230719 #91	1.5f		14	14	n	n	cont	0	thinning at posterior		1.5-2f	FALSE	FALSE	FALSE	FALSE	FALSE	FALSE	FALSE
wow118hisGFP.cdk-1gk117.wowIs3zuIs70	His PKC-3 CAAX	HC	JLF1561	none	cdk-1	20230719 #92	1.8f		11	11	n	n	p* gap	0	post gap		1.5-2f	FALSE	FALSE	FALSE	TRUE	FALSE	TRUE	FALSE
wow118hisGFP.cdk-1gk117.wowIs3zuIs70	His PKC-3 CAAX	HC	JLF1561	none	cdk-1	20230719 #93 L	1.8f		14	14	n	n	cont	1			1.5-2f	FALSE	FALSE	FALSE	FALSE	FALSE	FALSE	FALSE
wow118hisGFP.cdk-1gk117.wowIs3zuIs70	His PKC-3 CAAX	HC	JLF1561	none	cdk-1	20230719 #93 R	1.8f		12	12	n	n	cont	1	lots of mvmt		1.5-2f	FALSE	FALSE	FALSE	FALSE	FALSE	FALSE	FALSE
wow118hisGFP.cdk-1gk117.wowIs3zuIs70	His PKC-3 CAAX	HC	JLF1561	none	cdk-1	20230719 #94	c		12	12	n	n	cont	0			comma	FALSE	FALSE	FALSE	FALSE	FALSE	FALSE	FALSE
wow118hisGFP.cdk-1gk117.wowIs3zuIs70	His PKC-3 CAAX	HC	JLF1561	none	cdk-1	20230719 #95	1.5f		14	14	n	n	p* gap	0	tiny gap in posterior		1.5-2f	FALSE	FALSE	FALSE	TRUE	FALSE	TRUE	FALSE
wow118hisGFP.cdk-1gk117.wowIs3zuIs70	His PKC-3 CAAX	HC	JLF1561	none	cdk-1	20230719 #96	lE16	V	14	14	n	n	cont	0			bean	FALSE	FALSE	FALSE	FALSE	FALSE	FALSE	FALSE
wow118hisGFP.cdk-1gk117.wowIs3zuIs70	His PKC-3 CAAX	HC	JLF1561	none	cdk-1	20230719 #97	1.5f		13	13	n	n	cont	0			1.5-2f	FALSE	FALSE	FALSE	FALSE	FALSE	FALSE	FALSE
wow118hisGFP.gk117.wow14wowIs3zuIs70	His PKC-3 CAAX	HC	JLF1564	no bal	air-1	20230502 #1	1.5f		18	18	n	n	cont	no	a* divs failed		1.5-2f	FALSE	FALSE	FALSE	FALSE	FALSE	FALSE	FALSE
wow118hisGFP.gk117.wow14wowIs3zuIs70	His PKC-3 CAAX	HC	JLF1564	no bal	air-1	20230502 #2	1.8f		19	19	n	n	cont	yes	one binuc, moving so low confidence		1.5-2f	FALSE	FALSE	FALSE	FALSE	FALSE	FALSE	FALSE
wow118hisGFP.gk117.wow14wowIs3zuIs70	His PKC-3 CAAX	HC	JLF1564	no bal	air-1	20230502 #3	c		16	16	n	y	a* gap	no			comma	FALSE	TRUE	TRUE	FALSE	FALSE	TRUE	FALSE
wow118hisGFP.gk117.wow14wowIs3zuIs70	His PKC-3 CAAX	HC	JLF1564	no bal	air-1	20230502 #4	b	V	16	16	n	n	cont	no			bean	FALSE	FALSE	FALSE	FALSE	FALSE	FALSE	FALSE
wow118hisGFP.gk117.wow14wowIs3zuIs70	His PKC-3 CAAX	HC	JLF1564	no bal	air-1	20230502 #5	1.5f		18	18	n	n	cont	no	a* divs failed		1.5-2f	FALSE	FALSE	FALSE	FALSE	FALSE	FALSE	FALSE
wow118hisGFP.gk117.wow14wowIs3zuIs70	His PKC-3 CAAX	HC	JLF1564	no bal	air-1	20230502 #7	c/1.5f		16	16	n	n	cont	yes	thin aPKC at a*, a*R binuc, others binuc? Binucleolus?		comma	FALSE	FALSE	FALSE	FALSE	FALSE	FALSE	FALSE
wow118hisGFP.gk117.wow14wowIs3zuIs70	His PKC-3 CAAX	HC	JLF1564	no bal	air-1	20230502 #8	1.8f		18	18	n	n	cont	yes	p*R is binuc		1.5-2f	FALSE	FALSE	FALSE	FALSE	FALSE	FALSE	FALSE
wow118hisGFP.gk117.wow14wowIs3zuIs70	His PKC-3 CAAX	HC	JLF1564	no bal	air-1	20230502 #9	1.5f		18	18	n	n	cont	no	perhaps a tiny a gap?		1.5-2f	FALSE	FALSE	FALSE	FALSE	FALSE	FALSE	FALSE
wow118hisGFP.gk117.wow14wowIs3zuIs70	His PKC-3 CAAX	HC	JLF1564	no bal	air-1	20230502 #11	1.5f		19	19	y	n	cont	no	2 a* are binuc, one w tiny mitotic nuc		1.5-2f	TRUE	FALSE	FALSE	FALSE	FALSE	FALSE	FALSE
wow118hisGFP.gk117.wow14wowIs3zuIs70	His PKC-3 CAAX	HC	JLF1564	no bal	air-1	20230502 #12	c		16	16	n	y	cont	no	a*L is binuc		comma	FALSE	TRUE	FALSE	FALSE	FALSE	FALSE	FALSE
wow118hisGFP.gk117.wow14wowIs3zuIs70	His PKC-3 CAAX	HC	JLF1564	no bal	air-1	20230502 #13	c/1.5f		16	16	y	y	cont	no	p*R is tri-nucleate?, others w chr cond		comma	TRUE	TRUE	FALSE	FALSE	FALSE	FALSE	FALSE
wow118hisGFP.gk117.wow14wowIs3zuIs70	His PKC-3 CAAX	HC	JLF1564	no bal	air-1	20230502 #14	b	V	16	16	n	n	cont	no			bean	FALSE	FALSE	FALSE	FALSE	FALSE	FALSE	FALSE
wow118hisGFP.gk117.wow14wowIs3zuIs70	His PKC-3 CAAX	HC	JLF1564	no bal	air-1	20230502 #15	b	V	16	16	n	n	cont	no			bean	FALSE	FALSE	FALSE	FALSE	FALSE	FALSE	FALSE
wow118hisGFP.gk117.wow14wowIs3zuIs70	His PKC-3 CAAX	HC	JLF1564	no bal	air-1	20230502 #16	1.5f		20	20	n	n	p* gap	no	a* mispositioned (3 in ant)		1.5-2f	FALSE	FALSE	FALSE	TRUE	FALSE	TRUE	FALSE
wow118hisGFP.gk117.wow14wowIs3zuIs70	His PKC-3 CAAX	HC	JLF1564	no bal	air-1	20230502 #17	1.5f		16	16	n	y	cont	no	a*L is binuc, p* divs are maybe still going?		1.5-2f	FALSE	TRUE	FALSE	FALSE	FALSE	FALSE	FALSE
wow118hisGFP.gk117.wow14wowIs3zuIs70	His PKC-3 CAAX	HC	JLF1564	no bal	air-1	20230502 #18	lE16	D	16	16	yn	n	cont	no			bean	TRUE	FALSE	FALSE	FALSE	FALSE	FALSE	FALSE
wow118hisGFP.gk117.wow14wowIs3zuIs70	His PKC-3 CAAX	HC	JLF1564	no bal	air-1	20230502 #19 BL	b	D	16	16	y	y	cont	no	v v thin at a*. Originally scored as no gap		bean	TRUE	TRUE	FALSE	FALSE	FALSE	FALSE	FALSE
wow118hisGFP.gk117.wow14wowIs3zuIs70	His PKC-3 CAAX	HC	JLF1564	no bal	air-1	20230502 #19 TR	1.8f		17	17	n	n	a* gap	no			1.5-2f	FALSE	FALSE	TRUE	FALSE	FALSE	TRUE	FALSE
wow118hisGFP.gk117.wow14wowIs3zuIs70	His PKC-3 CAAX	HC	JLF1564	no bal	air-1	20230502 #20	1.8f		18	18	n	n	cont	no			1.5-2f	FALSE	FALSE	FALSE	FALSE	FALSE	FALSE	FALSE
wow118hisGFP.gk117.wow14wowIs3zuIs70	His PKC-3 CAAX	HC	JLF1564	no bal	air-1	20230502 #21	c/1.5f		16	16	yn	yn	cont	no			comma	TRUE	TRUE	FALSE	FALSE	FALSE	FALSE	FALSE
wow118hisGFP.gk117.wow14wowIs3zuIs70	His PKC-3 CAAX	HC	JLF1564	no bal	air-1	20230502 #22	b	D	16	16	n	n	cont	no			bean	FALSE	FALSE	FALSE	FALSE	FALSE	FALSE	FALSE
wow118hisGFP.gk117.wow14wowIs3zuIs70	His PKC-3 CAAX	HC	JLF1564	no bal	air-1	20230502 #23	b	D	16	16	y	yn	cont	no			bean	TRUE	TRUE	FALSE	FALSE	FALSE	FALSE	FALSE
wow118hisGFP.gk117.wow14wowIs3zuIs70	His PKC-3 CAAX	HC	JLF1564	no bal	air-1	20230502 #24	1.5f		18	18	n	n	cont	no	binucleolar a*L		1.5-2f	FALSE	FALSE	FALSE	FALSE	FALSE	FALSE	FALSE
wow118hisGFP.gk117.wow14wowIs3zuIs70	His PKC-3 CAAX	HC	JLF1564	no bal	air-1	20230502 #25 TL	1.5f		18	18	n	n	cont	no	2 int1, possible bonus div underway		1.5-2f	FALSE	FALSE	FALSE	FALSE	FALSE	FALSE	TRUE
wow118hisGFP.gk117.wow14wowIs3zuIs70	His PKC-3 CAAX	HC	JLF1564	no bal	air-1	20230502 #26 TR	b	V	16	16	y	yn	cont	no			bean	TRUE	TRUE	FALSE	FALSE	FALSE	FALSE	FALSE
wow118hisGFP.gk117.wow14wowIs3zuIs70	His PKC-3 CAAX	HC	JLF1564	no bal	air-1	20230502 #26 BL	lE16	V	16	16	n	n	cont	no			bean	FALSE	FALSE	FALSE	FALSE	FALSE	FALSE	FALSE
wow118hisGFP.gk117.wow14wowIs3zuIs70	His PKC-3 CAAX	HC	JLF1564	no bal	air-1	20230502 #27	1.8f		18	18	n	n	cont	no			1.5-2f	FALSE	FALSE	FALSE	FALSE	FALSE	FALSE	FALSE
wow118hisGFP.gk117.wow14wowIs3zuIs70	His PKC-3 CAAX	HC	JLF1564	no bal	air-1	20230502 #28	c		16	16	yn	y	cont	no			comma	TRUE	TRUE	FALSE	FALSE	FALSE	FALSE	FALSE
wow118hisGFP.gk117.wow14wowIs3zuIs70	His PKC-3 CAAX	HC	JLF1564	no bal	air-1	20230502 #28	c/1.5f		18	18	n	n	cont	no			comma	FALSE	FALSE	FALSE	FALSE	FALSE	FALSE	FALSE
wow118hisGFP.gk117.wow14wowIs3zuIs70	His PKC-3 CAAX	HC	JLF1564	no bal	air-1	20230502 #29	c/1.5f		18	18	n	n	cont	no	jagged aPKC loc		comma	FALSE	FALSE	FALSE	FALSE	FALSE	FALSE	FALSE
wow118hisGFP.gk117.wow14wowIs3zuIs70	His PKC-3 CAAX	HC	JLF1564	no bal	air-1	20230502 #29	mE16	V	16	16	n	n	a* gap	no	originally scored as "i.p."		other	FALSE	FALSE	TRUE	FALSE	FALSE	TRUE	FALSE
wow118hisGFP.gk117.wow14wowIs3zuIs70	His PKC-3 CAAX	HC	JLF1564	no bal	air-1	20230502 #30	1.8f		18	18	n	n	cont	no			1.5-2f	FALSE	FALSE	FALSE	FALSE	FALSE	FALSE	FALSE
wow118hisGFP.gk117.wow14wowIs3zuIs70	His PKC-3 CAAX	HC	JLF1564	no bal	air-1	20230502 #31 TL	c/1.5f		16	16	n?	n?	cont	no	binucleolar p cells, finger of aPKC in anterior		comma	FALSE	FALSE	FALSE	FALSE	FALSE	FALSE	FALSE
wow118hisGFP.gk117.wow14wowIs3zuIs70	His PKC-3 CAAX	HC	JLF1564	no bal	air-1	20230502 #31 BR	1.5f		18	18	n	n	cont	no			1.5-2f	FALSE	FALSE	FALSE	FALSE	FALSE	FALSE	FALSE
wow118hisGFP.gk117.wow14wowIs3zuIs70	His PKC-3 CAAX	HC	JLF1564	no bal	air-1	20230502 #32	2f		18	18	n	n	cont	n.d.			1.5-2f	FALSE	FALSE	FALSE	FALSE	FALSE	FALSE	FALSE
wow118hisGFP.gk117.wow14wowIs3zuIs70	His PKC-3 CAAX	HC	JLF1564	no bal	air-1	20230502 #32	1.5f		18	18	n	n	cont	no			1.5-2f	FALSE	FALSE	FALSE	FALSE	FALSE	FALSE	FALSE
wow118hisGFP.gk117.wow14wowIs3zuIs70	His PKC-3 CAAX	HC	JLF1564	no bal	air-1	20230522 #5	3f		21	21	n	n	cont	yes			other	FALSE	FALSE	FALSE	FALSE	FALSE	FALSE	FALSE
wow118hisGFP.gk117.wow14wowIs3zuIs70	His PKC-3 CAAX	HC	JLF1564	no bal	air-1	20230522 #13	mE16	V	16	16	n	n	cont	n			other	FALSE	FALSE	FALSE	FALSE	FALSE	FALSE	FALSE
wow118hisGFP.gk117.wow14wowIs3zuIs70	His PKC-3 CAAX	HC	JLF1564	no bal	air-1	20230522 #15	1.5f		17	17	n	yn	cont	n			1.5-2f	FALSE	TRUE	FALSE	FALSE	FALSE	FALSE	FALSE
wow118HisGFP.wow169gk117.wowIs3zuIs70	His PKC-3 CAAX	HC	JLF1560	none	plk-1	20230502 #1	1.5f		15	15	yy	nn	cont	0	n	almost an ant gap	1.5-2f	TRUE	FALSE	FALSE	FALSE	FALSE	FALSE	FALSE
wow118HisGFP.wow169gk117.wowIs3zuIs70	His PKC-3 CAAX	HC	JLF1560	none	plk-1	20230502 #5	b	D	10	10	nn	nn	cont	1		one still stuck in mitosis! One cell is binuc; nearly a gap but thin thread connecting	bean	FALSE	FALSE	FALSE	FALSE	FALSE	FALSE	FALSE
wow118HisGFP.wow169gk117.wowIs3zuIs70	His PKC-3 CAAX	HC	JLF1560	none	plk-1	20230502 #6	1.8f		11	11	yn	nn	cont	0		cont, but thin at post	1.5-2f	TRUE	FALSE	FALSE	FALSE	FALSE	FALSE	FALSE
wow118HisGFP.wow169gk117.wowIs3zuIs70	His PKC-3 CAAX	HC	JLF1560	none	plk-1	20230502 #7	c		12	12	yn	nn	cont	1	n	looks short, also one middle cell w cond chr	comma	TRUE	FALSE	FALSE	FALSE	FALSE	FALSE	FALSE
wow118HisGFP.wow169gk117.wowIs3zuIs70	His PKC-3 CAAX	HC	JLF1560	none	plk-1	20230502 #8	b	D	11	11	yn	nn	cont	0			bean	TRUE	FALSE	FALSE	FALSE	FALSE	FALSE	FALSE
wow118HisGFP.wow169gk117.wowIs3zuIs70	His PKC-3 CAAX	HC	JLF1560	none	plk-1	20230502 #9	1.5f		12	12	yy	nn	a* p* gap	0	n	sm int1 gap and int9 gap	1.5-2f	TRUE	FALSE	TRUE	TRUE	FALSE	TRUE	FALSE
wow118HisGFP.wow169gk117.wowIs3zuIs70	His PKC-3 CAAX	HC	JLF1560	none	plk-1	20230502 #11	b	V	12	12	yn	yn	cont	0			bean	TRUE	TRUE	FALSE	FALSE	FALSE	FALSE	FALSE
wow118HisGFP.wow169gk117.wowIs3zuIs70	His PKC-3 CAAX	HC	JLF1560	none	plk-1	20230502 #12	b		12	12	yy	nn	a* p* gap	2		complete chaos	bean	TRUE	FALSE	TRUE	TRUE	FALSE	TRUE	FALSE
wow118HisGFP.wow169gk117.wowIs3zuIs70	His PKC-3 CAAX	HC	JLF1560	none	plk-1	20230502 #13	lE16	V	11	11	yy	nn	cont	0		sync a* div	bean	TRUE	FALSE	FALSE	FALSE	FALSE	FALSE	FALSE
wow118HisGFP.wow169gk117.wowIs3zuIs70	His PKC-3 CAAX	HC	JLF1560	none	plk-1	20230502 #14	b	V	13	13	yy	nn	cont	0		sync a* div	bean	TRUE	FALSE	FALSE	FALSE	FALSE	FALSE	FALSE
wow118HisGFP.wow169gk117.wowIs3zuIs70	His PKC-3 CAAX	HC	JLF1560	none	plk-1	20230502 #15	lE16	V	13	13	nn	nn	cont	1			bean	FALSE	FALSE	FALSE	FALSE	FALSE	FALSE	FALSE
wow118HisGFP.wow169gk117.wowIs3zuIs70	His PKC-3 CAAX	HC	JLF1560	none	plk-1	20230502 #16	lE16	V	15	15	yy	nn	cont	0		sync a* div	bean	TRUE	FALSE	FALSE	FALSE	FALSE	FALSE	FALSE
wow118HisGFP.wow169gk117.wowIs3zuIs70	His PKC-3 CAAX	HC	JLF1560	none	plk-1	20230502 #17	b	D	10	10	nn	yn	gap int6/7	0	n	maybe p* still mitotic from E8/16?	bean	FALSE	TRUE	FALSE	FALSE	TRUE	TRUE	FALSE
wow118HisGFP.wow169gk117.wowIs3zuIs70	His PKC-3 CAAX	HC	JLF1560	none	plk-1	20230502 #18 L	lE16	V	12	12	nn	nn	cont	0	n	spotty and irregular, but no gaps	bean	FALSE	FALSE	FALSE	FALSE	FALSE	FALSE	FALSE
wow118HisGFP.wow169gk117.wowIs3zuIs70	His PKC-3 CAAX	HC	JLF1560	none	plk-1	20230502 #18 R	2f		12	12	yn	nn	p* gap	0	y	int9	1.5-2f	TRUE	FALSE	FALSE	TRUE	FALSE	TRUE	FALSE
wow118HisGFP.wow169gk117.wowIs3zuIs70	His PKC-3 CAAX	HC	JLF1560	none	plk-1	20230502 #20	2f		12	12	nn	nn	cont	0	y		1.5-2f	FALSE	FALSE	FALSE	FALSE	FALSE	FALSE	FALSE
wow118HisGFP.wow169gk117.wowIs3zuIs70	His PKC-3 CAAX	HC	JLF1560	none	plk-1	20230502 #22	c		14	14	yy	yn	cont	0	n	a* sync, thin pkc-3 there	comma	TRUE	TRUE	FALSE	FALSE	FALSE	FALSE	FALSE
wow118HisGFP.wow169gk117.wowIs3zuIs70	His PKC-3 CAAX	HC	JLF1560	none	plk-1	20230502 #23	1.8f		13	13	nn	y 0	p* gap	0	n	int9, *cell on ML	1.5-2f	FALSE	TRUE	FALSE	TRUE	FALSE	TRUE	FALSE
wow118HisGFP.wow169gk117.wowIs3zuIs70	His PKC-3 CAAX	HC	JLF1560	none	plk-1	20230502 #24	b	D	11	11	nn	nn	cont	0	n		bean	FALSE	FALSE	FALSE	FALSE	FALSE	FALSE	FALSE
wow118HisGFP.wow169gk117.wowIs3zuIs70	His PKC-3 CAAX	HC	JLF1560	none	plk-1	20230502 #25	lE16	D	14	14	nn	nn	cont	0	n		bean	FALSE	FALSE	FALSE	FALSE	FALSE	FALSE	FALSE
wow118HisGFP.wow169gk117.wowIs3zuIs70	His PKC-3 CAAX	HC	JLF1560	none	plk-1	20230502 #26	c/1.5f		11	11	yn	nn	cont	0	n		comma	TRUE	FALSE	FALSE	FALSE	FALSE	FALSE	FALSE
wow118HisGFP.wow169gk117.wowIs3zuIs70	His PKC-3 CAAX	HC	JLF1560	none	plk-1	20230502 #27	b	V	11	11	yy	nn	cont	0	n	thin at a* also a weird flare	bean	TRUE	FALSE	FALSE	FALSE	FALSE	FALSE	FALSE
wow118HisGFP.wow169gk117.wowIs3zuIs70	His PKC-3 CAAX	HC	JLF1560	none	plk-1	20230502 #28,29	b	V	13	13	yy	nn	cont	1	n	1 mid cell still mitotic	bean	TRUE	FALSE	FALSE	FALSE	FALSE	FALSE	FALSE
wow118HisGFP.wow169gk117.wowIs3zuIs70	His PKC-3 CAAX	HC	JLF1560	none	plk-1	20230502 #30	c/1.5f		11	11	yn	yn	p* gap	0	n	int9, *cell on ML, didn't capture full Z. at least 11 cells	comma	TRUE	TRUE	FALSE	TRUE	FALSE	TRUE	FALSE
wow118HisGFP.wow169gk117.wowIs3zuIs70	His PKC-3 CAAX	HC	JLF1560	none	plk-1	20230502 #33 M	b	V	13	13	nn	yn	cont	0	n	Originally scored as "nd" since int4 nuclei out of plane	bean	FALSE	TRUE	FALSE	FALSE	FALSE	FALSE	FALSE
wow118HisGFP.wow169gk117.wowIs3zuIs70	His PKC-3 CAAX	HC	JLF1560	none	plk-1	20230502 #33 B	lE16	V	11	11	nn	nn	cont	1	n	stray chr? Or still mitotic?. At least 11 cells	bean	FALSE	FALSE	FALSE	FALSE	FALSE	FALSE	FALSE
wow118HisGFP.wow169gk117.wowIs3zuIs70	His PKC-3 CAAX	HC	JLF1560	none	plk-1	20230502 #34	1.8f		12	12	yy	y 0	p* gap	0	y	int9, *cell on ML	1.5-2f	TRUE	TRUE	FALSE	TRUE	FALSE	TRUE	FALSE
wow118HisGFP.wow169gk117.wowIs3zuIs70	His PKC-3 CAAX	HC	JLF1560	none	plk-1	20230502 #35	lE16	V	11	11	nn	nn	cont	0	n	binuc ant cell	bean	FALSE	FALSE	FALSE	FALSE	FALSE	FALSE	FALSE
wow118HisGFP.wow169gk117.wowIs3zuIs70	His PKC-3 CAAX	HC	JLF1560	none	plk-1	20230502 #36	c		12	12	yn	nn	cont	0	n		comma	TRUE	FALSE	FALSE	FALSE	FALSE	FALSE	FALSE
wow118HisGFP.wow169gk117.wowIs3zuIs70	His PKC-3 CAAX	HC	JLF1560	none	plk-1	20230502 #37 T	b/c	D	11	11	yy	nn	cont	1	n	nearly a gap, one non* cell (int2)still mitotic	comma	TRUE	FALSE	FALSE	FALSE	FALSE	FALSE	FALSE
wow118HisGFP.wow169gk117.wowIs3zuIs70	His PKC-3 CAAX	HC	JLF1560	none	plk-1	20230502 #37 M	b	D	12	12	yy	nn	cont	0	n		bean	TRUE	FALSE	FALSE	FALSE	FALSE	FALSE	FALSE
wow118HisGFP.wow169gk117.wowIs3zuIs70	His PKC-3 CAAX	HC	JLF1560	none	plk-1	20230502 #38 BL	c/1.5f		12	12	yy	nn	cont	0	n		comma	TRUE	FALSE	FALSE	FALSE	FALSE	FALSE	FALSE
wow118HisGFP.wow169gk117.wowIs3zuIs70	His PKC-3 CAAX	HC	JLF1560	none	plk-1	20230502 #38 TR	1.5f		13	13	yn	nn	cont	0	n		1.5-2f	TRUE	FALSE	FALSE	FALSE	FALSE	FALSE	FALSE
wow118HisGFP.wow169gk117.wowIs3zuIs70	His PKC-3 CAAX	HC	JLF1560	none	plk-1	20230502 #39	lE16	V	12	12	yn	yn	cont	0	n		bean	TRUE	TRUE	FALSE	FALSE	FALSE	FALSE	FALSE
wow118HisGFP.wow169gk117.wowIs3zuIs70	His PKC-3 CAAX	HC	JLF1560	none	plk-1	20230502 #40	b	D	13	13	yy	nn	cont	0	n		bean	TRUE	FALSE	FALSE	FALSE	FALSE	FALSE	FALSE
wow118HisGFP.wow169gk117.wowIs3zuIs70	His PKC-3 CAAX	HC	JLF1560	none	plk-1	20230502 #41	lE16	D	13	13	nn	nn	cont	0	n	v irregular PKC, short,  but no gaps	bean	FALSE	FALSE	FALSE	FALSE	FALSE	FALSE	FALSE
wow118HisGFP.wow169gk117.wowIs3zuIs70	His PKC-3 CAAX	HC	JLF1560	none	plk-1	20230502 #42	lE16	V	13	13	yy	nn	cont	0	n	chr cond	bean	TRUE	FALSE	FALSE	FALSE	FALSE	FALSE	FALSE
wow118HisGFP.wow169gk117.wowIs3zuIs70	His PKC-3 CAAX	HC	JLF1560	none	plk-1	20230502 #43	1.5f		10	10	yy	nn	cont	1	n	random DNA segments (chrs?) in a* cells, and in middle cell	1.5-2f	TRUE	FALSE	FALSE	FALSE	FALSE	FALSE	FALSE
wow118HisGFP.wow169gk117.wowIs3zuIs70	His PKC-3 CAAX	HC	JLF1560	none	plk-1	20230502 #44	lE16	V	12	12	yn	nn	cont	0	n		bean	TRUE	FALSE	FALSE	FALSE	FALSE	FALSE	FALSE
wow118HisGFP.wow169gk117.wowIs3zuIs70	His PKC-3 CAAX	HC	JLF1560	none	plk-1	20230714 #1	c/1.5f		11	11	yn	nn	cont	0	n	can't say if post gap, can't define end	comma	TRUE	FALSE	FALSE	FALSE	FALSE	FALSE	FALSE
wow118HisGFP.wow169gk117.wowIs3zuIs70	His PKC-3 CAAX	HC	JLF1560	none	plk-1	20230714 #2	1.8f		12	12	nn	nn	cont	0	y		1.5-2f	FALSE	FALSE	FALSE	FALSE	FALSE	FALSE	FALSE
wow118HisGFP.wow169gk117.wowIs3zuIs70	His PKC-3 CAAX	HC	JLF1560	none	plk-1	20230714 #4	2f		11	11	nn	nn	a* gap	0	y	one binuc cell	1.5-2f	FALSE	FALSE	TRUE	FALSE	FALSE	TRUE	FALSE
wow118HisGFP.wow169gk117.wowIs3zuIs70	His PKC-3 CAAX	HC	JLF1560	none	plk-1	20230714 #5 T	1.8f		13	13	nn	nn	cont	0	y		1.5-2f	FALSE	FALSE	FALSE	FALSE	FALSE	FALSE	FALSE
wow118HisGFP.wow169gk117.wowIs3zuIs70	His PKC-3 CAAX	HC	JLF1560	none	plk-1	20230714 #5 B	c/1.5f		13	13	yy	nn	a* gap	0	n	gap is teeny, one binuc cell	comma	TRUE	FALSE	TRUE	FALSE	FALSE	TRUE	FALSE
wow118HisGFP.wow169gk117.wowIs3zuIs70	His PKC-3 CAAX	HC	JLF1560	none	plk-1	20230714 #6	c		14	14	yn	nn	p* gap	1	n	teeny gap, near gap at anterior	comma	TRUE	FALSE	FALSE	TRUE	FALSE	TRUE	FALSE
wow118HisGFP.wow169gk117.wowIs3zuIs70	His PKC-3 CAAX	HC	JLF1560	none	plk-1	20230714 #7	1.8f		12	12	yy	nn	cont	0	n	may be thin or gap at a*, two cells are binuc	1.5-2f	TRUE	FALSE	FALSE	FALSE	FALSE	FALSE	FALSE
wow118HisGFP.wow169gk117.wowIs3zuIs70	His PKC-3 CAAX	HC	JLF1560	none	plk-1	20230714 #8	2f		12	12	yn	nn	cont	0	y		1.5-2f	TRUE	FALSE	FALSE	FALSE	FALSE	FALSE	FALSE
wow118HisGFP.wow169gk117.wowIs3zuIs70	His PKC-3 CAAX	HC	JLF1560	none	plk-1	20230714 #9	2f		12	12	nn	nn	cont	0	y	too much mvmt to count cells (11 or 12 - LC)	1.5-2f	FALSE	FALSE	FALSE	FALSE	FALSE	FALSE	FALSE
wow118HisGFP.wow169gk117.wowIs3zuIs70	His PKC-3 CAAX	HC	JLF1560	none	plk-1	20230714 #10	1.8f		13	13	yn	yy	a* gap	0	n		1.5-2f	TRUE	TRUE	TRUE	FALSE	FALSE	TRUE	FALSE
wow118HisGFP.wow169gk117.wowIs3zuIs70	His PKC-3 CAAX	HC	JLF1560	none	plk-1	20230714 #11	b	D	12	12	yy	nn	cont	0	n	thin at a*, 3 cells binuc	bean	TRUE	FALSE	FALSE	FALSE	FALSE	FALSE	FALSE
wow118HisGFP.wow169gk117.wowIs3zuIs70	His PKC-3 CAAX	HC	JLF1560	none	plk-1	20230714 #12	1.8f		13	13	nn	nn	cont	0	n		1.5-2f	FALSE	FALSE	FALSE	FALSE	FALSE	FALSE	FALSE
wow118HisGFP.wow169gk117.wowIs3zuIs70	His PKC-3 CAAX	HC	JLF1560	none	plk-1	20230714 #13	1.5f		14	14	yy	nn	p* gap	1	n		1.5-2f	TRUE	FALSE	FALSE	TRUE	FALSE	TRUE	FALSE
wow118HisGFP.wow169gk117.wowIs3zuIs70	His PKC-3 CAAX	HC	JLF1560	none	plk-1	20230714 #14	2f		11	11	nn	nn	p* gap	1	y	one binuc	1.5-2f	FALSE	FALSE	FALSE	TRUE	FALSE	TRUE	FALSE
wow118HisGFP.wow169gk117.wowIs3zuIs70	His PKC-3 CAAX	HC	JLF1560	none	plk-1	20230714 #15	1.5f		12	12	yy	yn	p* gap	0	n	nearly an a* gap	1.5-2f	TRUE	TRUE	FALSE	TRUE	FALSE	TRUE	FALSE
wow118HisGFP.wow169gk117.wowIs3zuIs70	His PKC-3 CAAX	HC	JLF1560	none	plk-1	20230714 #16	c		12	12	yy	nn	a* gap	0	n		comma	TRUE	FALSE	TRUE	FALSE	FALSE	TRUE	FALSE
wow118HisGFP.wow169gk117.wowIs3zuIs70	His PKC-3 CAAX	HC	JLF1560	none	plk-1	20230714 #17	1.5f		14	14	yy	yy	a* gap	0	n	close to connecting, and nearly a p* gap	1.5-2f	TRUE	TRUE	TRUE	FALSE	FALSE	TRUE	FALSE
wow118HisGFP.wow169gk117.wowIs3zuIs70	His PKC-3 CAAX	HC	JLF1560	none	plk-1	20230714 #18	2f		15	15	nn	nn	cont	0	y		1.5-2f	FALSE	FALSE	FALSE	FALSE	FALSE	FALSE	FALSE
wow118HisGFP.wow169gk117.wowIs3zuIs70	His PKC-3 CAAX	HC	JLF1560	none	plk-1	20230714 #19	1.8f		14	14	yn	yn	p* gap	0	n	p* in middle of ML	1.5-2f	TRUE	TRUE	FALSE	TRUE	FALSE	TRUE	FALSE
wow118HisGFP.wow169gk117.wowIs3zuIs70	His PKC-3 CAAX	HC	JLF1560	none	plk-1	20230714 #20	2f		11	11	nn	nn	p* gap	0	n	2 binuc (so 13 nuclei)	1.5-2f	FALSE	FALSE	FALSE	TRUE	FALSE	TRUE	FALSE
wow118HisGFP.wow169gk117.wowIs3zuIs70	His PKC-3 CAAX	HC	JLF1560	none	plk-1	20230714 #21	2f		13	13	nn	yn	cont	0	y		1.5-2f	FALSE	TRUE	FALSE	FALSE	FALSE	FALSE	FALSE
wow118HisGFP.wow169gk117.wowIs3zuIs70	His PKC-3 CAAX	HC	JLF1560	none	plk-1	20230714 #22	b/c		13	13	yy	yn	cont	0	n	nearly an a* gap (super dim), and some wonky ML zigzags	comma	TRUE	TRUE	FALSE	FALSE	FALSE	FALSE	FALSE
wow118HisGFP.wow169gk117.wowIs3zuIs70	His PKC-3 CAAX	HC	JLF1560	none	plk-1	20230714 #23	c/1.5f		11	11	yy	nn	p* gap	1	n	bonus cell div	comma	TRUE	FALSE	FALSE	TRUE	FALSE	TRUE	TRUE
wow118HisGFP.wow169gk117.wowIs3zuIs70	His PKC-3 CAAX	HC	JLF1560	none	plk-1	20230714 #24	1.5f		13	13	yy	nn	cont	0	n	almost connected, and one binuc cell	1.5-2f	TRUE	FALSE	FALSE	FALSE	FALSE	FALSE	FALSE
wow118HisGFP.wow169gk117.wowIs3zuIs70	His PKC-3 CAAX	HC	JLF1560	none	plk-1	20230714 #25	1.8f		13	13	nn	nn	cont	0	y		1.5-2f	FALSE	FALSE	FALSE	FALSE	FALSE	FALSE	FALSE
wow118HisGFP.wow169gk117.wowIs3zuIs70	His PKC-3 CAAX	HC	JLF1560	none	plk-1	20230714 #26	1.8f		9	9	yn	nn	cont	0	n		1.5-2f	TRUE	FALSE	FALSE	FALSE	FALSE	FALSE	FALSE
wow118HisGFP.wow169gk117.wowIs3zuIs70	His PKC-3 CAAX	HC	JLF1560	none	plk-1	20230714 #27	2f		12	12	yn	nn	a* gap	1	n	one binuc, one a* two nucleoli	1.5-2f	TRUE	FALSE	TRUE	FALSE	FALSE	TRUE	FALSE
wow118HisGFP.wow169gk117.wowIs3zuIs70	His PKC-3 CAAX	HC	JLF1560	none	plk-1	20230714 #28	1.5f		13	13	yn	nn	cont	0	n		1.5-2f	TRUE	FALSE	FALSE	FALSE	FALSE	FALSE	FALSE
wow118hisGFP.spd-5zfbfpgk117.wowIs3.emb	His PKC-3 CAAX	HC	JLF1563	none	spd-5	20230523 #1	c		15	15	n	n	cont	n	looks good		comma	FALSE	FALSE	FALSE	FALSE	FALSE	FALSE	FALSE
wow118hisGFP.spd-5zfbfpgk117.wowIs3.emb	His PKC-3 CAAX	HC	JLF1563	none	spd-5	20230523 #2	1.5f		16	16	n	n	cont	n	maybe small posterior gap?		1.5-2f	FALSE	FALSE	FALSE	FALSE	FALSE	FALSE	FALSE
wow118hisGFP.spd-5zfbfpgk117.wowIs3.emb	His PKC-3 CAAX	HC	JLF1563	none	spd-5	20230523 #3	1.8f		16	16	n	n	cont	almost			1.5-2f	FALSE	FALSE	FALSE	FALSE	FALSE	FALSE	FALSE
wow118hisGFP.spd-5zfbfpgk117.wowIs3.emb	His PKC-3 CAAX	HC	JLF1563	none	spd-5	20230523 #4	E16	D	15	15	n	n	sm gap	n			other	FALSE	FALSE	FALSE	FALSE	TRUE	TRUE	FALSE
wow118hisGFP.spd-5zfbfpgk117.wowIs3.emb	His PKC-3 CAAX	HC	JLF1563	none	spd-5	20230523 #5	c		16	16	yn	yy	cont				comma	TRUE	TRUE	FALSE	FALSE	FALSE	FALSE	FALSE
wow118hisGFP.spd-5zfbfpgk117.wowIs3.emb	His PKC-3 CAAX	HC	JLF1563	none	spd-5	20230523 #6	E16	D	14	14	n	n	cont	n			other	FALSE	FALSE	FALSE	FALSE	FALSE	FALSE	FALSE
wow118hisGFP.spd-5zfbfpgk117.wowIs3.emb	His PKC-3 CAAX	HC	JLF1563	none	spd-5	20230523 #7	E16	D	14	14	n	n	cont	n			other	FALSE	FALSE	FALSE	FALSE	FALSE	FALSE	FALSE
wow118hisGFP.spd-5zfbfpgk117.wowIs3.emb	His PKC-3 CAAX	HC	JLF1563	none	spd-5	20230523 #8	b	D	15	15	n	n	cont	n			bean	FALSE	FALSE	FALSE	FALSE	FALSE	FALSE	FALSE
wow118hisGFP.spd-5zfbfpgk117.wowIs3.emb	His PKC-3 CAAX	HC	JLF1563	none	spd-5	20230523 #9, 18M1	c		16	16	nn	yy	a* p* gap	n	gap in int9, small one in int1		comma	FALSE	TRUE	TRUE	TRUE	FALSE	TRUE	FALSE
wow118hisGFP.spd-5zfbfpgk117.wowIs3.emb	His PKC-3 CAAX	HC	JLF1563	none	spd-5	20230523 #10	1.5f		16	16	n	n	cont	n	weird turn at post		1.5-2f	FALSE	FALSE	FALSE	FALSE	FALSE	FALSE	FALSE
wow118hisGFP.spd-5zfbfpgk117.wowIs3.emb	His PKC-3 CAAX	HC	JLF1563	none	spd-5	20230523 #11	1.8f		15	15	n	n	cont	y			1.5-2f	FALSE	FALSE	FALSE	FALSE	FALSE	FALSE	FALSE
wow118hisGFP.spd-5zfbfpgk117.wowIs3.emb	His PKC-3 CAAX	HC	JLF1563	none	spd-5	20230523 #12, 18 M2	c		17	17	yy	yy	cont	n	a* in 12, p* in 18 M2		comma	TRUE	TRUE	FALSE	FALSE	FALSE	FALSE	FALSE
wow118hisGFP.spd-5zfbfpgk117.wowIs3.emb	His PKC-3 CAAX	HC	JLF1563	none	spd-5	20230523 #13	c/1.5f		15	15	n	yy	a* p* gap	n	a* tiny, p* huge gaps		comma	FALSE	TRUE	TRUE	TRUE	FALSE	TRUE	FALSE
wow118hisGFP.spd-5zfbfpgk117.wowIs3.emb	His PKC-3 CAAX	HC	JLF1563	none	spd-5	20230523 #14, 18M3	b	D	15	15	n	n	cont	n	a* div starts in 18, but still cont apKC		bean	FALSE	FALSE	FALSE	FALSE	FALSE	FALSE	FALSE
wow118hisGFP.spd-5zfbfpgk117.wowIs3.emb	His PKC-3 CAAX	HC	JLF1563	none	spd-5	20230523 #15	1.8f		15	15	n	n	cont	n			1.5-2f	FALSE	FALSE	FALSE	FALSE	FALSE	FALSE	FALSE
wow118hisGFP.spd-5zfbfpgk117.wowIs3.emb	His PKC-3 CAAX	HC	JLF1563	none	spd-5	20230523 #16, 18 M4	b		15	15	n	yn	cont	n			bean	FALSE	TRUE	FALSE	FALSE	FALSE	FALSE	FALSE
wow118hisGFP.spd-5zfbfpgk117.wowIs3.emb	His PKC-3 CAAX	HC	JLF1563	none	spd-5	20230523 #17, 18M5	b	D	14	14	n	n	cont	n			bean	FALSE	FALSE	FALSE	FALSE	FALSE	FALSE	FALSE
wow118hisGFP.spd-5zfbfpgk117.wowIs3.emb	His PKC-3 CAAX	HC	JLF1563	none	spd-5	20230614 #1	lE16	V	16	16	n	n	cont	n			bean	FALSE	FALSE	FALSE	FALSE	FALSE	FALSE	FALSE
wow118hisGFP.spd-5zfbfpgk117.wowIs3.emb	His PKC-3 CAAX	HC	JLF1563	none	spd-5	20230614 #2	b/c		16	16	nn	yy	cont	n			comma	FALSE	TRUE	FALSE	FALSE	FALSE	FALSE	FALSE
wow118hisGFP.spd-5zfbfpgk117.wowIs3.emb	His PKC-3 CAAX	HC	JLF1563	none	spd-5	20230614 #3	b	V	16	16	yn	n	cont	n			bean	TRUE	FALSE	FALSE	FALSE	FALSE	FALSE	FALSE
wow118hisGFP.spd-5zfbfpgk117.wowIs3.emb	His PKC-3 CAAX	HC	JLF1563	none	spd-5	20230614 #4	1.5f		16	16	n	n	cont	n			1.5-2f	FALSE	FALSE	FALSE	FALSE	FALSE	FALSE	FALSE
wow118hisGFP.spd-5zfbfpgk117.wowIs3.emb	His PKC-3 CAAX	HC	JLF1563	none	spd-5	20230614 #5 L	b	V	15	15	n	n	cont	n			bean	FALSE	FALSE	FALSE	FALSE	FALSE	FALSE	FALSE
wow118hisGFP.spd-5zfbfpgk117.wowIs3.emb	His PKC-3 CAAX	HC	JLF1563	none	spd-5	20230614 #5 R	lE16	V	13	13	n	n	cont	n			bean	FALSE	FALSE	FALSE	FALSE	FALSE	FALSE	FALSE
wow118hisGFP.spd-5zfbfpgk117.wowIs3.emb	His PKC-3 CAAX	HC	JLF1563	none	spd-5	20230614 #6	1.8f		15	15	n	n	cont	n			1.5-2f	FALSE	FALSE	FALSE	FALSE	FALSE	FALSE	FALSE
wow118hisGFP.spd-5zfbfpgk117.wowIs3.emb	His PKC-3 CAAX	HC	JLF1563	none	spd-5	20230614 #7	lE16	V	15	15	n	n	cont	n			bean	FALSE	FALSE	FALSE	FALSE	FALSE	FALSE	FALSE
wow118hisGFP.spd-5zfbfpgk117.wowIs3.emb	His PKC-3 CAAX	HC	JLF1563	none	spd-5	20230614 #8 L	lE16	D	15	15	n	n	cont	n			bean	FALSE	FALSE	FALSE	FALSE	FALSE	FALSE	FALSE
wow118hisGFP.spd-5zfbfpgk117.wowIs3.emb	His PKC-3 CAAX	HC	JLF1563	none	spd-5	20230614 #8 R	lE16	D	14	14	n	n	cont	n			bean	FALSE	FALSE	FALSE	FALSE	FALSE	FALSE	FALSE
wow118hisGFP.spd-5zfbfpgk117.wowIs3.emb	His PKC-3 CAAX	HC	JLF1563	none	spd-5	20230614 #9	1.5f		15	15	n	n	p* gap	n	small int9 gap		1.5-2f	FALSE	FALSE	FALSE	TRUE	FALSE	TRUE	FALSE
wow118hisGFP.spd-5zfbfpgk117.wowIs3.emb	His PKC-3 CAAX	HC	JLF1563	none	spd-5	20230614 #10	lE16	V	14	14	n	n	cont	n			bean	FALSE	FALSE	FALSE	FALSE	FALSE	FALSE	FALSE
wow118hisGFP.spd-5zfbfpgk117.wowIs3.emb	His PKC-3 CAAX	HC	JLF1563	none	spd-5	20230614 #11	1.8f		16	16	n	n	a* p* gap	y	int1, int9		1.5-2f	FALSE	FALSE	TRUE	TRUE	FALSE	TRUE	FALSE
wow118hisGFP.spd-5zfbfpgk117.wowIs3.emb	His PKC-3 CAAX	HC	JLF1563	none	spd-5	20230614 #12	1.5f		16	16	n	n	cont	n			1.5-2f	FALSE	FALSE	FALSE	FALSE	FALSE	FALSE	FALSE
wow118hisGFP.spd-5zfbfpgk117.wowIs3.emb	His PKC-3 CAAX	HC	JLF1563	none	spd-5	20230614 #13	1.5f		16	16	n	n	cont	n			1.5-2f	FALSE	FALSE	FALSE	FALSE	FALSE	FALSE	FALSE
wow118hisGFP.spd-5zfbfpgk117.wowIs3.emb	His PKC-3 CAAX	HC	JLF1563	none	spd-5	20230614 #14	c/1.5f		16	16	n	n	cont	n	thin spot at int9		comma	FALSE	FALSE	FALSE	FALSE	FALSE	FALSE	FALSE
wow118hisGFP.spd-5zfbfpgk117.wowIs3.emb	His PKC-3 CAAX	HC	JLF1563	none	spd-5	20230614 #15	1.5f		15	15	n	n	p* gap	n	int9, one cell in post?		1.5-2f	FALSE	FALSE	FALSE	TRUE	FALSE	TRUE	FALSE
wow118hisGFP.spd-5zfbfpgk117.wowIs3.emb	His PKC-3 CAAX	HC	JLF1563	none	spd-5	20230614 #16	1.5f		16	16	n	n	cont	y			1.5-2f	FALSE	FALSE	FALSE	FALSE	FALSE	FALSE	FALSE
wow118hisGFP.spd-5zfbfpgk117.wowIs3.emb	His PKC-3 CAAX	HC	JLF1563	none	spd-5	20230614 #17	1.8f		15	15	n	n	cont	y			1.5-2f	FALSE	FALSE	FALSE	FALSE	FALSE	FALSE	FALSE
wow118hisGFP.spd-5zfbfpgk117.wowIs3.emb	His PKC-3 CAAX	HC	JLF1563	none	spd-5	20230614 #18	2f		16	16	n	n	cont	n			1.5-2f	FALSE	FALSE	FALSE	FALSE	FALSE	FALSE	FALSE
wow118hisGFP.spd-5zfbfpgk117.wowIs3.emb	His PKC-3 CAAX	HC	JLF1563	none	spd-5	20230614 #19	1.8f		16	16	n	n	cont	y			1.5-2f	FALSE	FALSE	FALSE	FALSE	FALSE	FALSE	FALSE
wow118hisGFP.spd-5zfbfpgk117.wowIs3.emb	His PKC-3 CAAX	HC	JLF1563	none	spd-5	20230614 #20	2f		15	15	n	n	cont	y			1.5-2f	FALSE	FALSE	FALSE	FALSE	FALSE	FALSE	FALSE
wow118hisGFP.spd-5zfbfpgk117.wowIs3.emb	His PKC-3 CAAX	HC	JLF1563	none	spd-5	20230614 #23	b	D	14	14	yn	n	cont	n			bean	TRUE	FALSE	FALSE	FALSE	FALSE	FALSE	FALSE
wow118hisGFP.paa-1gk117.wowIs3CAAX	His PKC-3	H	JLF1576	lacks CAAX	paa-1	20230608 #11	1.5f		19	19	yn	yy	p* gap	?	int9 gap		1.5-2f	TRUE	TRUE	FALSE	TRUE	FALSE	TRUE	FALSE
wow118hisGFP.paa-1gk117.wowIs3CAAX	His PKC-3	H	JLF1576	lacks CAAX	paa-1	20230608 #13	2f		17	17	n	yy	a* p* gap		int1, int9 gap, cell ct uncertain because chr missegregation. Need CAAX		1.5-2f	FALSE	TRUE	TRUE	TRUE	FALSE	TRUE	FALSE
wow118hisGFP.paa-1gk117.wowIs3CAAX	His PKC-3	H	JLF1576	lacks CAAX	paa-1	20230608 #14	1.8f		17	17	yn	yy	cont				1.5-2f	TRUE	TRUE	FALSE	FALSE	FALSE	FALSE	FALSE
wow118hisGFP.paa-1gk117.wowIs3CAAX	His PKC-3	H	JLF1576	lacks CAAX	paa-1	20230608 #15	1.8f		17	17	yn	yy	a* p* gap		int1, int9 gap, cell ct uncertain because chr missegregation. Need CAAX		1.5-2f	TRUE	TRUE	TRUE	TRUE	FALSE	TRUE	FALSE
wow118hisGFP.paa-1gk117.wowIs3CAAX	His PKC-3	H	JLF1576	lacks CAAX	paa-1	20230608 #17	b	V	15	15	n	n	cont	n			bean	FALSE	FALSE	FALSE	FALSE	FALSE	FALSE	FALSE
wow118hisGFP.paa-1gk117.wowIs3CAAX	His PKC-3	H	JLF1576	lacks CAAX	paa-1	20230608 #18	1.5f		18	18	yn	yy	p* gap		int9 gap		1.5-2f	TRUE	TRUE	FALSE	TRUE	FALSE	TRUE	FALSE
wow118hisGFP.paa-1gk117.wowIs3CAAX	His PKC-3	H	JLF1576	lacks CAAX	paa-1	20230608 #22	1.8f		20	20	yn	yn	p* gap		int9 gap, cell ct uncertain because chr missegregation. Need CAAX		1.5-2f	TRUE	TRUE	FALSE	TRUE	FALSE	TRUE	FALSE
wow118hisGFP.paa-1gk117.wowIs3CAAX	His PKC-3	H	JLF1576	lacks CAAX	paa-1	20230608 #24	c		18	18	yn	yy	cont	n	see a gap in earlier imagers (21, 23)		comma	TRUE	TRUE	FALSE	FALSE	FALSE	FALSE	FALSE
wow118hisGFP.paa-1gk117.wowIs3CAAX	His PKC-3	H	JLF1576	lacks CAAX	paa-1	20230614 #1	1.8f		17	17	yy	yn	a* p* gap	y	int1, int9 gaps		1.5-2f	TRUE	TRUE	TRUE	TRUE	FALSE	TRUE	FALSE
wow118hisGFP.paa-1gk117.wowIs3CAAX	His PKC-3	H	JLF1576	lacks CAAX	paa-1	20230614 #2	1.5f		17	17	yn	yy	cont				1.5-2f	TRUE	TRUE	FALSE	FALSE	FALSE	FALSE	FALSE
wow118hisGFP.paa-1gk117.wowIs3CAAX	His PKC-3	H	JLF1576	lacks CAAX	paa-1	20230614 #3	1.5f		17	17	yn	yn	cont	n	thin thread at post		1.5-2f	TRUE	TRUE	FALSE	FALSE	FALSE	FALSE	FALSE
wow118hisGFP.paa-1gk117.wowIs3CAAX	His PKC-3	H	JLF1576	lacks CAAX	paa-1	20230614 #4	1.8f		19	19	yn	yy	p* gap		int9		1.5-2f	TRUE	TRUE	FALSE	TRUE	FALSE	TRUE	FALSE
wow118hisGFP.paa-1gk117.wowIs3CAAX	His PKC-3	H	JLF1576	lacks CAAX	paa-1	20230614 #5	b/c	D	17	17	yy	yn	cont	n			comma	TRUE	TRUE	FALSE	FALSE	FALSE	FALSE	FALSE
wow118hisGFP.paa-1gk117.wowIs3CAAX	His PKC-3	H	JLF1576	lacks CAAX	paa-1	20230614 #6	lE16	D	16	16	n	n	cont	n			bean	FALSE	FALSE	FALSE	FALSE	FALSE	FALSE	FALSE
wow118hisGFP.paa-1gk117.wowIs3CAAX	His PKC-3	H	JLF1576	lacks CAAX	paa-1	20230614 #8	1.8f		18	18	yn	yy	p* gap		int8, int9		1.5-2f	TRUE	TRUE	FALSE	TRUE	FALSE	TRUE	FALSE
wow118hisGFP.paa-1gk117.wowIs3CAAX	His PKC-3	H	JLF1576	lacks CAAX	paa-1	20230614 #9	lE16	V	15	15	n	n	p* gap	n	post		bean	FALSE	FALSE	FALSE	TRUE	FALSE	TRUE	FALSE
wow118hisGFP.paa-1gk117.wowIs3CAAX	His PKC-3	H	JLF1576	lacks CAAX	paa-1	20230614 #10	c		16	16	yy	yn	p* gap	n	int9. LC scored cell ct		comma	TRUE	TRUE	FALSE	TRUE	FALSE	TRUE	FALSE
wow118hisGFP.paa-1gk117.wowIs3CAAX	His PKC-3	H	JLF1576	lacks CAAX	paa-1	20230614 #11	b	D	16	16	yn	n	cont	n			bean	TRUE	FALSE	FALSE	FALSE	FALSE	FALSE	FALSE
wow118hisGFP.paa-1gk117.wowIs3CAAX	His PKC-3	H	JLF1576	lacks CAAX	paa-1	20230614 #12	b	D	16	16	yy	yn	cont	n			bean	TRUE	TRUE	FALSE	FALSE	FALSE	FALSE	FALSE
wow118hisGFP.paa-1gk117.wowIs3CAAX	His PKC-3	H	JLF1576	lacks CAAX	paa-1	20230614 #14	2f		20	20	n	yy	p* gap		int9, super messed up posterior chrs		1.5-2f	FALSE	TRUE	FALSE	TRUE	FALSE	TRUE	FALSE
wow118hisGFP.paa-1gk117.wowIs3CAAX	His PKC-3	H	JLF1576	lacks CAAX	paa-1	20230614 #15	b/c	V	17	17	yy	n	cont	n	thin at ant		comma	TRUE	FALSE	FALSE	FALSE	FALSE	FALSE	FALSE
wow118hisGFP.paa-1gk117.wowIs3CAAX	His PKC-3	H	JLF1576	lacks CAAX	paa-1	20230614 #16	c/1.5f		18	18	yn	yy	p* gap	y	int9		comma	TRUE	TRUE	FALSE	TRUE	FALSE	TRUE	FALSE
wow118hisGFP.paa-1gk117.wowIs3CAAX	His PKC-3	H	JLF1576	lacks CAAX	paa-1	20230614 #17	c		18	18	yn	yy	p* gap	n	int9		comma	TRUE	TRUE	FALSE	TRUE	FALSE	TRUE	FALSE
wow118hisGFP.paa-1gk117.wowIs3CAAX	His PKC-3	H	JLF1576	lacks CAAX	paa-1	20230614 #18	lE16	V	16	16	n	n	cont	n			bean	FALSE	FALSE	FALSE	FALSE	FALSE	FALSE	FALSE
wow118hisGFP.paa-1gk117.wowIs3CAAX	His PKC-3	H	JLF1576	lacks CAAX	paa-1	20230614 #19	c/1.5f		18	18	yn	yy	p* gap	n	int9		comma	TRUE	TRUE	FALSE	TRUE	FALSE	TRUE	FALSE
wow118hisGFP.paa-1gk117.wowIs3CAAX	His PKC-3	H	JLF1576	lacks CAAX	paa-1	20230614 #20	b	D	16	16	yn	yn	cont	n			bean	TRUE	TRUE	FALSE	FALSE	FALSE	FALSE	FALSE
wow118hisGFP.paa-1gk117.wowIs3CAAX	His PKC-3	H	JLF1576	lacks CAAX	paa-1	20230614 #21	lE16	V	16	16	n	n	cont	n			bean	FALSE	FALSE	FALSE	FALSE	FALSE	FALSE	FALSE
wow118hisgfp.paa-1gk117.Is3CAAX	His PKC-3 CAAX	HC	JLF1562	none	paa-1	20230808 #1	c/1.5f		18	18	yy	yn	p* gap		LC scored 8/18/25 with CAAX		comma	TRUE	TRUE	FALSE	TRUE	FALSE	TRUE	FALSE
wow118hisgfp.paa-1gk117.Is3CAAX	His PKC-3 CAAX	HC	JLF1562	none	paa-1	20230808 #2	lE16	D	16	16	nn	nn	mid gap		LC scored 8/18/25 with CAAX		bean	FALSE	FALSE	FALSE	FALSE	TRUE	TRUE	FALSE
wow118hisgfp.paa-1gk117.Is3CAAX	His PKC-3 CAAX	HC	JLF1562	none	paa-1	20230808 #3	b	D	16	16	nn	nn	cont		LC scored 8/18/25 with CAAX		bean	FALSE	FALSE	FALSE	FALSE	FALSE	FALSE	FALSE
wow118hisgfp.paa-1gk117.Is3CAAX	His PKC-3 CAAX	HC	JLF1562	none	paa-1	20230808 #4	c/1.5f		18	18	yn	yn	cont		LC scored 8/18/25 with CAAX		comma	TRUE	TRUE	FALSE	FALSE	FALSE	FALSE	FALSE
wow118hisgfp.paa-1gk117.Is3CAAX	His PKC-3 CAAX	HC	JLF1562	none	paa-1	20230808 #5	2f		16	16	yy	yy	p* gap		LC scored 8/18/25 with CAAX. overlay by extra emb ? Nice P gap though		1.5-2f	TRUE	TRUE	FALSE	TRUE	FALSE	TRUE	FALSE
wow118hisgfp.paa-1gk117.Is3CAAX	His PKC-3 CAAX	HC	JLF1562	none	paa-1	20231004 #4	b/c	D	19	19	nn	nn	p* gap		LC scored 8/18/25 with CAAX		comma	FALSE	FALSE	FALSE	TRUE	FALSE	TRUE	FALSE
wow118hisgfp.paa-1gk117.Is3CAAX	His PKC-3 CAAX	HC	JLF1562	none	paa-1	20231004 #3	b/c	D	16	16	nn	nn	cont		LC scored 8/18/25 with CAAX		comma	FALSE	FALSE	FALSE	FALSE	FALSE	FALSE	FALSE
wow118hisgfp.paa-1gk117.Is3CAAX	His PKC-3 CAAX	HC	JLF1562	none	paa-1	20231004 #2	1.5f		16	16	yn	yy	cont		LC scored 8/18/25 with CAAX		1.5-2f	TRUE	TRUE	FALSE	FALSE	FALSE	FALSE	FALSE
wow118hisgfp.paa-1gk117.Is3CAAX	His PKC-3 CAAX	HC	JLF1562	none	paa-1	20231004 #1	1.5f		16	16	yn	yy	a* gap		LC scored 8/18/25 with CAAX		1.5-2f	TRUE	TRUE	TRUE	FALSE	FALSE	TRUE	FALSE
wow118hisgfp.paa-1gk117.Is3CAAX	His PKC-3 CAAX	HC	JLF1562	none	paa-1	20231004 #5	b/c		14	14	yy	yn	p* gap		LC scored 8/18/25 with CAAX		comma	TRUE	TRUE	FALSE	TRUE	FALSE	TRUE	FALSE
wow118hisgfp.paa-1gk117.Is3CAAX	His PKC-3 CAAX	HC	JLF1562	none	paa-1	20230808 #6 T	1.5f		18	18	nn	yn	p* gap		LC scored 8/18/25 with CAAX. Nice example		1.5-2f	FALSE	TRUE	FALSE	TRUE	FALSE	TRUE	FALSE
wow118hisgfp.paa-1gk117.Is3CAAX	His PKC-3 CAAX	HC	JLF1562	none	paa-1	20230808 #6 B	b		16	16	yy	nn	p* gap				bean	TRUE	FALSE	FALSE	TRUE	FALSE	TRUE	FALSE
wow118hisgfp.paa-1gk117.Is3CAAX	His PKC-3 CAAX	HC	JLF1562	none	paa-1	20230808 #11	2f		14	14	yy	yy	cont				1.5-2f	TRUE	TRUE	FALSE	FALSE	FALSE	FALSE	FALSE
wow118hisgfp.paa-1gk117.Is3CAAX	His PKC-3 CAAX	HC	JLF1562	none	paa-1	20230808 #12	b	V	16	16	nn	yn	p* gap				bean	FALSE	TRUE	FALSE	TRUE	FALSE	TRUE	FALSE
wow118hisgfp.paa-1gk117.Is3CAAX	His PKC-3 CAAX	HC	JLF1562	none	paa-1	20230808 #13	lE16	D	16	16	nn	nn	mid gap				bean	FALSE	FALSE	FALSE	FALSE	TRUE	TRUE	FALSE
wow118hisgfp.paa-1gk117.Is3CAAX	His PKC-3 CAAX	HC	JLF1562	none	paa-1	20230808 #16	1.8f		15	15	yn	yy	p* gap		1.5f same as #8		1.5-2f	TRUE	TRUE	FALSE	TRUE	FALSE	TRUE	FALSE
wow118hisgfp.paa-1gk117.Is3CAAX	His PKC-3 CAAX	HC	JLF1562	none	paa-1	20230808 #15	lE16	V	14	14	nn	nn	p* gap ?		issues with cyst to tube?		bean	FALSE	FALSE	FALSE	TRUE	FALSE	TRUE	FALSE
wow118hisgfp.paa-1gk117.Is3CAAX	His PKC-3 CAAX	HC	JLF1562	none	paa-1	20230808 #10	c		17	17	yn	yy	a* p* gap				comma	TRUE	TRUE	TRUE	TRUE	FALSE	TRUE	FALSE
wow118hisgfp.paa-1gk117.Is3CAAX	His PKC-3 CAAX	HC	JLF1562	none	paa-1	20230808 #7	lE16	V	16	16	nn	nn	cont				bean	FALSE	FALSE	FALSE	FALSE	FALSE	FALSE	FALSE
wow118.gk117.wowIs3zuIs70.emb	PKC-3 CAAX	C	JLF1480	none	control	20230222.emb #1	1.5f		20	nd	n	n	cont	n		post	1.5-2f	FALSE	FALSE	FALSE	FALSE	FALSE	FALSE	FALSE
wow118.gk117.wowIs3zuIs70.emb	PKC-3 CAAX	C	JLF1480	none	control	20230222.emb #2	1.5f		20	nd	n	n	cont	n		post	1.5-2f	FALSE	FALSE	FALSE	FALSE	FALSE	FALSE	FALSE
wow118.gk117.wowIs3zuIs70.emb	PKC-3 CAAX	C	JLF1480	none	control	20230222.emb #3	1.5f		20	nd	n	n	cont	n		post	1.5-2f	FALSE	FALSE	FALSE	FALSE	FALSE	FALSE	FALSE
wow118.gk117.wowIs3zuIs70.emb	PKC-3 CAAX	C	JLF1480	none	control	20230222.emb #4	1.5f		20	nd	n	n	cont	n		post	1.5-2f	FALSE	FALSE	FALSE	FALSE	FALSE	FALSE	FALSE
wow118.gk117.wowIs3zuIs70.emb	PKC-3 CAAX	C	JLF1480	none	control	20230222.emb #5	c	V		nd	n	n	cont	n		post	comma	FALSE	FALSE	FALSE	FALSE	FALSE	FALSE	FALSE
wow118.gk117.wowIs3zuIs70.emb	PKC-3 CAAX	C	JLF1480	none	control	20230222.emb #6L	lE16	D	16	nd	n	n	cont	n		pre	bean	FALSE	FALSE	FALSE	FALSE	FALSE	FALSE	FALSE
wow118.gk117.wowIs3zuIs70.emb	PKC-3 CAAX	C	JLF1480	none	control	20230222.emb #6BR	1.8f		20	nd	n	n	cont	y		post	1.5-2f	FALSE	FALSE	FALSE	FALSE	FALSE	FALSE	FALSE
wow118.gk117.wowIs3zuIs70.emb	PKC-3 CAAX	C	JLF1480	none	control	20230222.emb #7	1.5f		20	nd	n	n	cont	n		post	1.5-2f	FALSE	FALSE	FALSE	FALSE	FALSE	FALSE	FALSE
wow118.gk117.wowIs3zuIs70.emb	PKC-3 CAAX	C	JLF1480	none	control	20230222.emb #8	lE16	D	16	nd	n	n	cont	n		pre	bean	FALSE	FALSE	FALSE	FALSE	FALSE	FALSE	FALSE
wow118.gk117.wowIs3zuIs70.emb	PKC-3 CAAX	C	JLF1480	none	control	20230222.emb #9	c/1.5f		19	nd	n	n	cont	n		post	comma	FALSE	FALSE	FALSE	FALSE	FALSE	FALSE	FALSE
wow118.gk117.wowIs3zuIs70.emb	PKC-3 CAAX	C	JLF1480	none	control	20230222.emb #11top	b	V	17	nd	y&n	n	cont	n	thin @ a*	mid	bean	TRUE	FALSE	FALSE	FALSE	FALSE	FALSE	FALSE
wow118.gk117.wowIs3zuIs70.emb	PKC-3 CAAX	C	JLF1480	none	control	20230222.emb #12	1.5f		20	nd	n	n	cont	y		post	1.5-2f	FALSE	FALSE	FALSE	FALSE	FALSE	FALSE	FALSE
wow118.gk117.wowIs3zuIs70.emb	PKC-3 CAAX	C	JLF1480	none	control	20230222.emb #14	lE16	V	16	nd	n	n	cont	n		pre	bean	FALSE	FALSE	FALSE	FALSE	FALSE	FALSE	FALSE
wow118.gk117.wowIs3zuIs70.emb	PKC-3 CAAX	C	JLF1480	none	control	20230222.emb #15	1.5f		20	nd	n	n	cont	n		post	1.5-2f	FALSE	FALSE	FALSE	FALSE	FALSE	FALSE	FALSE
wow118.gk117.wowIs3zuIs70.emb	PKC-3 CAAX	C	JLF1480	none	control	20230222.emb #16	c/1.5f		20	nd	n	n	cont	n		post	comma	FALSE	FALSE	FALSE	FALSE	FALSE	FALSE	FALSE
wow118.gk117.wowIs3zuIs70.emb	PKC-3 CAAX	C	JLF1480	none	control	20230222.emb #17	lE16	D	16	nd	n	n	cont	n	very dim @ a	pre	bean	FALSE	FALSE	FALSE	FALSE	FALSE	FALSE	FALSE
wow118.gk117.wowIs3zuIs70.emb	PKC-3 CAAX	C	JLF1480	none	control	20230222.emb #18	lE16	V	16	nd	n	n	cont	n		pre	bean	FALSE	FALSE	FALSE	FALSE	FALSE	FALSE	FALSE
wow118.gk117.wowIs3zuIs70.emb	PKC-3 CAAX	C	JLF1480	none	control	20230222.emb #19	c	D	19	nd	n	n	cont	n		mid	comma	FALSE	FALSE	FALSE	FALSE	FALSE	FALSE	FALSE
wow118.gk117.wowIs3zuIs70.emb	PKC-3 CAAX	C	JLF1480	none	control	20230222.emb #20	lE16	V	16	nd	n	n	cont	n	incomplete Z-stack	pre	bean	FALSE	FALSE	FALSE	FALSE	FALSE	FALSE	FALSE
wow118.gk117.wowIs3zuIs70.emb	PKC-3 CAAX	C	JLF1480	none	control	20230222.emb #21	1.8f		20	nd	n	n	cont	y		post	1.5-2f	FALSE	FALSE	FALSE	FALSE	FALSE	FALSE	FALSE
wow118.gk117.wowIs3zuIs70.emb	PKC-3 CAAX	C	JLF1480	none	control	20230222.emb #22	1.5f		20	nd	n	n	cont	y		post	1.5-2f	FALSE	FALSE	FALSE	FALSE	FALSE	FALSE	FALSE
wow118.gk117.wowIs3zuIs70.emb	PKC-3 CAAX	C	JLF1480	none	control	20230222.emb #23	c	D	20	nd	n	n	cont	n		post	comma	FALSE	FALSE	FALSE	FALSE	FALSE	FALSE	FALSE
wow118.gk117.wowIs3zuIs70.emb	PKC-3 CAAX	C	JLF1480	none	control	20230222.emb #24	c	V	20	nd	n	n	cont	n		post	comma	FALSE	FALSE	FALSE	FALSE	FALSE	FALSE	FALSE
wow118.gk117.wowIs3zuIs70.emb	PKC-3 CAAX	C	JLF1480	none	control	20230222.emb #25 BL	lE16	V	16	nd	n	n	cont	n		pre	bean	FALSE	FALSE	FALSE	FALSE	FALSE	FALSE	FALSE
wow118.gk117.wowIs3zuIs70.emb	PKC-3 CAAX	C	JLF1480	none	control	20230222.emb #25 M	1.5f		20	nd	n	n	cont	n	little flare	post	1.5-2f	FALSE	FALSE	FALSE	FALSE	FALSE	FALSE	FALSE
wow118.gk117.wowIs3zuIs70.emb	PKC-3 CAAX	C	JLF1480	none	control	20230222.emb #26	lE16	V	16	nd	n	n	cont	n		pre	bean	FALSE	FALSE	FALSE	FALSE	FALSE	FALSE	FALSE
wow118.gk117.wowIs3zuIs70.emb	PKC-3 CAAX	C	JLF1480	none	control	20230222.emb #27	1.5f		20	nd	n	n	cont	n		post	1.5-2f	FALSE	FALSE	FALSE	FALSE	FALSE	FALSE	FALSE
wow118.gk117.wowIs3zuIs70.emb	PKC-3 CAAX	C	JLF1480	none	control	20230222.emb #29top	1.5f		20	nd	n	n	cont	y		post	1.5-2f	FALSE	FALSE	FALSE	FALSE	FALSE	FALSE	FALSE
wow118.gk117.wowIs3zuIs70.emb	PKC-3 CAAX	C	JLF1480	none	control	20230222.emb #29bot	b	V	20	nd	n	n	cont	n		mid	bean	FALSE	FALSE	FALSE	FALSE	FALSE	FALSE	FALSE
wow118.gk117.wowIs3zuIs70.emb	PKC-3 CAAX	C	JLF1480	none	control	20230222.emb #31	b	D	20	nd	n	n*	cont	n	just finished?  p* still rounded	post	bean	FALSE	FALSE	FALSE	FALSE	FALSE	FALSE	FALSE
cdk-1zfgfp11.wow118.gk117.wowIs3zuIs70	PKC-3 CAAX	C	JLF1474	none	cdk-1	20230214 #1	1.5f		14	nd	n	n	cont	n			1.5-2f	FALSE	FALSE	FALSE	FALSE	FALSE	FALSE	FALSE
cdk-1zfgfp11.wow118.gk117.wowIs3zuIs70	PKC-3 CAAX	C	JLF1474	none	cdk-1	20230214 #2	2f		12	nd	n	n	cont	y			1.5-2f	FALSE	FALSE	FALSE	FALSE	FALSE	FALSE	FALSE
cdk-1zfgfp11.wow118.gk117.wowIs3zuIs70	PKC-3 CAAX	C	JLF1474	none	cdk-1	20230214 #3	1.8f		14	nd	n	n	cont	y	swollen in places		1.5-2f	FALSE	FALSE	FALSE	FALSE	FALSE	FALSE	FALSE
cdk-1zfgfp11.wow118.gk117.wowIs3zuIs70	PKC-3 CAAX	C	JLF1474	none	cdk-1	20230214 #5	2f		14	nd	n	n	cont	y			1.5-2f	FALSE	FALSE	FALSE	FALSE	FALSE	FALSE	FALSE
cdk-1zfgfp11.wow118.gk117.wowIs3zuIs70	PKC-3 CAAX	C	JLF1474	none	cdk-1	20230214 #8	c/1.5f		12	nd	n	n	cont	n	flare off midline		comma	FALSE	FALSE	FALSE	FALSE	FALSE	FALSE	FALSE
cdk-1zfgfp11.wow118.gk117.wowIs3zuIs70	PKC-3 CAAX	C	JLF1474	none	cdk-1	20230214 #9	c/1.5f		15	nd	n	n	cont	n			comma	FALSE	FALSE	FALSE	FALSE	FALSE	FALSE	FALSE
cdk-1zfgfp11.wow118.gk117.wowIs3zuIs70	PKC-3 CAAX	C	JLF1474	none	cdk-1	20230214 #10	1.8f		14	nd	n	n	cont	y			1.5-2f	FALSE	FALSE	FALSE	FALSE	FALSE	FALSE	FALSE
cdk-1zfgfp11.wow118.gk117.wowIs3zuIs70	PKC-3 CAAX	C	JLF1474	none	cdk-1	20230214 #11	b	V	12	nd	n	n	cont	n	irregular		bean	FALSE	FALSE	FALSE	FALSE	FALSE	FALSE	FALSE
cdk-1zfgfp11.wow118.gk117.wowIs3zuIs70	PKC-3 CAAX	C	JLF1474	none	cdk-1	20230214 #12	lE16	V	13	nd	n	n	cont	n			bean	FALSE	FALSE	FALSE	FALSE	FALSE	FALSE	FALSE
cdk-1zfgfp11.wow118.gk117.wowIs3zuIs70	PKC-3 CAAX	C	JLF1474	none	cdk-1	20230214 #14	lE16	V	7	nd	n	n	cont	n			bean	FALSE	FALSE	FALSE	FALSE	FALSE	FALSE	FALSE
cdk-1zfgfp11.wow118.gk117.wowIs3zuIs70	PKC-3 CAAX	C	JLF1474	none	cdk-1	20230214 #16	c/1.5f		14	nd	n	n	cont	n			comma	FALSE	FALSE	FALSE	FALSE	FALSE	FALSE	FALSE
cdk-1zfgfp11.wow118.gk117.wowIs3zuIs70	PKC-3 CAAX	C	JLF1474	none	cdk-1	20230214 #17	b	D	11	nd	n	n	cont	n			bean	FALSE	FALSE	FALSE	FALSE	FALSE	FALSE	FALSE
cdk-1zfgfp11.wow118.gk117.wowIs3zuIs70	PKC-3 CAAX	C	JLF1474	none	cdk-1	20230214 #18	b	V	14	nd	n	n	cont	n	irregular		bean	FALSE	FALSE	FALSE	FALSE	FALSE	FALSE	FALSE
cdk-1zfgfp11.wow118.gk117.wowIs3zuIs70	PKC-3 CAAX	C	JLF1474	none	cdk-1	20230214 #19	2f		14	nd	n	n	cont	n			1.5-2f	FALSE	FALSE	FALSE	FALSE	FALSE	FALSE	FALSE
cdk-1zfgfp11.wow118.gk117.wowIs3zuIs70	PKC-3 CAAX	C	JLF1474	none	cdk-1	20230214 #20	1.5f		10	nd	n	n	cont	n			1.5-2f	FALSE	FALSE	FALSE	FALSE	FALSE	FALSE	FALSE
cdk-1zfgfp11.wow118.gk117.wowIs3zuIs70	PKC-3 CAAX	C	JLF1474	none	cdk-1	20230214 #23	c/1.5f		11	nd	n	n	cont	n			comma	FALSE	FALSE	FALSE	FALSE	FALSE	FALSE	FALSE
cdk-1zfgfp11.wow118.gk117.wowIs3zuIs70	PKC-3 CAAX	C	JLF1474	none	cdk-1	20230214 #24	c	V	12	nd	n	n	cont	n			comma	FALSE	FALSE	FALSE	FALSE	FALSE	FALSE	FALSE
cdk-1zfgfp11.wow118.gk117.wowIs3zuIs70	PKC-3 CAAX	C	JLF1474	none	cdk-1	20230214 #26	lE16	V	12	nd	n	n	cont	n			bean	FALSE	FALSE	FALSE	FALSE	FALSE	FALSE	FALSE
cdk-1zfgfp11.wow118.gk117.wowIs3zuIs70	PKC-3 CAAX	C	JLF1474	none	cdk-1	20230215.emb #1	lE16	V	14	nd	n	n	cont	n			bean	FALSE	FALSE	FALSE	FALSE	FALSE	FALSE	FALSE
cdk-1zfgfp11.wow118.gk117.wowIs3zuIs70	PKC-3 CAAX	C	JLF1474	none	cdk-1	20230215.emb #2	1.5f		11	nd	n	n	cont	n			1.5-2f	FALSE	FALSE	FALSE	FALSE	FALSE	FALSE	FALSE
cdk-1zfgfp11.wow118.gk117.wowIs3zuIs70	PKC-3 CAAX	C	JLF1474	none	cdk-1	20230215.emb #5	b	D	12	nd	n	n	cont	n			bean	FALSE	FALSE	FALSE	FALSE	FALSE	FALSE	FALSE
cdk-1zfgfp11.wow118.gk117.wowIs3zuIs70	PKC-3 CAAX	C	JLF1474	none	cdk-1	20230215.emb #6top	b	V	13	nd	n	n	cont	n			bean	FALSE	FALSE	FALSE	FALSE	FALSE	FALSE	FALSE
cdk-1zfgfp11.wow118.gk117.wowIs3zuIs70	PKC-3 CAAX	C	JLF1474	none	cdk-1	20230215.emb #6bot	1.5f		12	nd	n	n	cont	n			1.5-2f	FALSE	FALSE	FALSE	FALSE	FALSE	FALSE	FALSE
cdk-1zfgfp11.wow118.gk117.wowIs3zuIs70	PKC-3 CAAX	C	JLF1474	none	cdk-1	20230215.emb #8L	lE16	V	12	nd	n	n	cont	n			bean	FALSE	FALSE	FALSE	FALSE	FALSE	FALSE	FALSE
cdk-1zfgfp11.wow118.gk117.wowIs3zuIs70	PKC-3 CAAX	C	JLF1474	none	cdk-1	20230215.emb #10	b	D	15	nd	n	n	cont	n			bean	FALSE	FALSE	FALSE	FALSE	FALSE	FALSE	FALSE
cdk-1zfgfp11.wow118.gk117.wowIs3zuIs70	PKC-3 CAAX	C	JLF1474	none	cdk-1	20230215.emb #11	lE16	V	13	nd	n	n	cont	n			bean	FALSE	FALSE	FALSE	FALSE	FALSE	FALSE	FALSE
cdk-1zfgfp11.wow118.gk117.wowIs3zuIs70	PKC-3 CAAX	C	JLF1474	none	cdk-1	20230215.emb #12	b	V	13	nd	n	n	cont	n			bean	FALSE	FALSE	FALSE	FALSE	FALSE	FALSE	FALSE
cdk-1zfgfp11.wow118.gk117.wowIs3zuIs70	PKC-3 CAAX	C	JLF1474	none	cdk-1	20230215.emb #15	1.5f		13	nd	n	n	cont	n			1.5-2f	FALSE	FALSE	FALSE	FALSE	FALSE	FALSE	FALSE
cdk-1zfgfp11.wow118.gk117.wowIs3zuIs70	PKC-3 CAAX	C	JLF1474	none	cdk-1	20230215.emb #16	b	V	14	nd	n	n	cont	n	some flares		bean	FALSE	FALSE	FALSE	FALSE	FALSE	FALSE	FALSE
cdk-1zfgfp11.wow118.gk117.wowIs3zuIs70	PKC-3 CAAX	C	JLF1474	none	cdk-1	20230215.emb #19	1.8f		14	nd	n	n	cont	y			1.5-2f	FALSE	FALSE	FALSE	FALSE	FALSE	FALSE	FALSE
cdk-1zfgfp11.wow118.gk117.wowIs3zuIs70	PKC-3 CAAX	C	JLF1474	none	cdk-1	20230215.emb #20	c/1.5f		13	nd	n	n	cont	n	flare		comma	FALSE	FALSE	FALSE	FALSE	FALSE	FALSE	FALSE
cdk-1zfgfp11.wow118.gk117.wowIs3zuIs70	PKC-3 CAAX	C	JLF1474	none	cdk-1	20230215.emb #21	b/c		11	nd	n	n	cont	n	swelling		comma	FALSE	FALSE	FALSE	FALSE	FALSE	FALSE	FALSE
cdk-1zfgfp11.wow118.gk117.wowIs3zuIs70	PKC-3 CAAX	C	JLF1474	none	cdk-1	20230215.emb #22	lE16	D	14	nd	n	n	cont	n			bean	FALSE	FALSE	FALSE	FALSE	FALSE	FALSE	FALSE
cdk-1zfgfp11.wow118.gk117.wowIs3zuIs70	PKC-3 CAAX	C	JLF1474	none	cdk-1	20230215.emb #23	c/1.5f		11	nd	n	n	cont	n	flare		comma	FALSE	FALSE	FALSE	FALSE	FALSE	FALSE	FALSE
cdk-1zfgfp11.wow118.gk117.wowIs3zuIs70	PKC-3 CAAX	C	JLF1474	none	cdk-1	20230215.emb #26	lE16	D	14	nd	n	n	cont	n	flares		bean	FALSE	FALSE	FALSE	FALSE	FALSE	FALSE	FALSE
cdk-1zfgfp11.wow118.gk117.wowIs3zuIs70	PKC-3 CAAX	C	JLF1474	none	cdk-1	20230215.emb #27	1.5f		13	nd	n	n	cont	n			1.5-2f	FALSE	FALSE	FALSE	FALSE	FALSE	FALSE	FALSE
cdk-1zfgfp11.wow118.gk117.wowIs3zuIs70	PKC-3 CAAX	C	JLF1474	none	cdk-1	20230215.emb #28	lE16	D	10	nd	n	n	cont	n			bean	FALSE	FALSE	FALSE	FALSE	FALSE	FALSE	FALSE
cdk-1zfgfp11.wow118.gk117.wowIs3zuIs70	PKC-3 CAAX	C	JLF1474	none	cdk-1	20230215.emb #29	1.8f		11	nd	n	n	cont	n	swelling		1.5-2f	FALSE	FALSE	FALSE	FALSE	FALSE	FALSE	FALSE
cdk-1zfgfp11.wow118.gk117.wowIs3zuIs70	PKC-3 CAAX	C	JLF1474	none	cdk-1	20230215.emb #30	1.5f		13	nd	n	n	cont	n			1.5-2f	FALSE	FALSE	FALSE	FALSE	FALSE	FALSE	FALSE
cdk-1zfgfp11.wow118.gk117.wowIs3zuIs70	PKC-3 CAAX	C	JLF1474	none	cdk-1	20230215.emb #31	c		12	nd	n	n	cont	n	flare		comma	FALSE	FALSE	FALSE	FALSE	FALSE	FALSE	FALSE
cdk-1zfgfp11.wow118.gk117.wowIs3zuIs70	PKC-3 CAAX	C	JLF1474	none	cdk-1	20230215.emb #32	b	D	15	nd	n	n	cont	n			bean	FALSE	FALSE	FALSE	FALSE	FALSE	FALSE	FALSE
cdk-1zfgfp11.wow118.gk117.wowIs3zuIs70	PKC-3 CAAX	C	JLF1474	none	cdk-1	20230215.emb #33	lE16	V	14	nd	n	n	cont	n			bean	FALSE	FALSE	FALSE	FALSE	FALSE	FALSE	FALSE
cdk-1zfgfp11.wow118.gk117.wowIs3zuIs70	PKC-3 CAAX	C	JLF1474	none	cdk-1	20230215 #3	lE16	D	11	nd	n	n	cont	n			bean	FALSE	FALSE	FALSE	FALSE	FALSE	FALSE	FALSE
wow118.gk117.wow14wowIs3zuIs70.L1	PKC-3 CAAX	C	JLF1481	none	air-1	20230217.L1 #18	c/1.5f		17	nd	yn	y	cont	n	small PKC-3 flares off midline, weak @ a* cell	mid	comma	TRUE	TRUE	FALSE	FALSE	FALSE	FALSE	FALSE
wow118.gk117.wow14wowIs3zuIs70.L1	PKC-3 CAAX	C	JLF1481	none	air-1	20230217.emb #2	2f		nd	nd	n	n	cont	y		post	1.5-2f	FALSE	FALSE	FALSE	FALSE	FALSE	FALSE	FALSE
wow118.gk117.wow14wowIs3zuIs70.L1	PKC-3 CAAX	C	JLF1481	none	air-1	20230217.emb #3	lE16	V	16	nd	n	n	cont	n		pre	bean	FALSE	FALSE	FALSE	FALSE	FALSE	FALSE	FALSE
wow118.gk117.wow14wowIs3zuIs70.L1	PKC-3 CAAX	C	JLF1481	none	air-1	20230217.emb #5	b	V	16	nd	yn	yn	cont	n	flare and broad/thin @ a*	mid	bean	TRUE	TRUE	FALSE	FALSE	FALSE	FALSE	FALSE
wow118.gk117.wow14wowIs3zuIs70.L1	PKC-3 CAAX	C	JLF1481	none	air-1	20230217.emb #6	1.8f		18	nd	n	n	cont	y		post	1.5-2f	FALSE	FALSE	FALSE	FALSE	FALSE	FALSE	FALSE
wow118.gk117.wow14wowIs3zuIs70.L1	PKC-3 CAAX	C	JLF1481	none	air-1	20230217.emb #7	lE16	V	16	nd	n	n	cont	n		pre	bean	FALSE	FALSE	FALSE	FALSE	FALSE	FALSE	FALSE
wow118.gk117.wow14wowIs3zuIs70.L1	PKC-3 CAAX	C	JLF1481	none	air-1	20230217.emb #8	1.5f		18	nd	n	n	cont	n	I think 18 cells, 19 nuclei (binuc int1)	post	1.5-2f	FALSE	FALSE	FALSE	FALSE	FALSE	FALSE	FALSE
wow118.gk117.wow14wowIs3zuIs70.L1	PKC-3 CAAX	C	JLF1481	none	air-1	20230217.emb #9	1.5f		18	nd	n	n	cont	y		post	1.5-2f	FALSE	FALSE	FALSE	FALSE	FALSE	FALSE	FALSE
wow118.gk117.wow14wowIs3zuIs70.L1	PKC-3 CAAX	C	JLF1481	none	air-1	20230217.emb #10	lE16	D	16	nd	n	n	cont	n		pre	bean	FALSE	FALSE	FALSE	FALSE	FALSE	FALSE	FALSE
wow118.gk117.wow14wowIs3zuIs70.L1	PKC-3 CAAX	C	JLF1481	none	air-1	20230217.emb #12L	lE16	D	15	nd	n	n	cont	n		pre	bean	FALSE	FALSE	FALSE	FALSE	FALSE	FALSE	FALSE
wow118.gk117.wow14wowIs3zuIs70.L1	PKC-3 CAAX	C	JLF1481	none	air-1	20230217.emb #12R	lE16	D	16	nd	n	n	cont	n		pre	bean	FALSE	FALSE	FALSE	FALSE	FALSE	FALSE	FALSE
wow118.gk117.wow14wowIs3zuIs70.L1	PKC-3 CAAX	C	JLF1481	none	air-1	20230217.emb #13	1.8f		16	nd	n	n	cont	y	binucleate p*s, 2-celled int1	post	1.5-2f	FALSE	FALSE	FALSE	FALSE	FALSE	FALSE	FALSE
wow118.gk117.wow14wowIs3zuIs70.L1	PKC-3 CAAX	C	JLF1481	none	air-1	20230217.emb #14	b	D	16	nd	y	yn	a* gap	n		mid	bean	TRUE	TRUE	TRUE	FALSE	FALSE	TRUE	FALSE
wow118.gk117.wow14wowIs3zuIs70.L1	PKC-3 CAAX	C	JLF1481	none	air-1	20230217.emb #15	1.5f		16	nd	n	yn	cont	n	flare where p* cells are	mid	1.5-2f	FALSE	TRUE	FALSE	FALSE	FALSE	FALSE	FALSE
wow118.gk117.wow14wowIs3zuIs70.L1	PKC-3 CAAX	C	JLF1481	none	air-1	20230217.emb #16	lE16	V	15	nd	n	n	cont	n		pre	bean	FALSE	FALSE	FALSE	FALSE	FALSE	FALSE	FALSE
wow118.gk117.wow14wowIs3zuIs70.L1	PKC-3 CAAX	C	JLF1481	none	air-1	20230217.emb #17	2f		nd	nd	n	n	cont	y		post	1.5-2f	FALSE	FALSE	FALSE	FALSE	FALSE	FALSE	FALSE
wow118.gk117.wow14wowIs3zuIs70.L1	PKC-3 CAAX	C	JLF1481	none	air-1	20230217.emb #18	lE16	V	16	nd	n	n	cont	n		pre	bean	FALSE	FALSE	FALSE	FALSE	FALSE	FALSE	FALSE
wow118.gk117.wow14wowIs3zuIs70.L1	PKC-3 CAAX	C	JLF1481	none	air-1	20230217.emb #19	1.8f		17	nd	n	n	cont	y		post	1.5-2f	FALSE	FALSE	FALSE	FALSE	FALSE	FALSE	FALSE
wow118.gk117.wow14wowIs3zuIs70.L1	PKC-3 CAAX	C	JLF1481	none	air-1	20230217.emb #21	1.5f		18	nd	n	n	p* gap	n	tiny gap	post	1.5-2f	FALSE	FALSE	FALSE	TRUE	FALSE	TRUE	FALSE
wow118.gk117.wow14wowIs3zuIs70.L1	PKC-3 CAAX	C	JLF1481	none	air-1	20230217.emb #22	2f		nd	nd	n	n	cont	y		post	1.5-2f	FALSE	FALSE	FALSE	FALSE	FALSE	FALSE	FALSE
wow118.gk117.wow14wowIs3zuIs70.L1	PKC-3 CAAX	C	JLF1481	none	air-1	20230217.emb #23	1.5f		17	nd	n	n	cont	n	binucleate p*	post	1.5-2f	FALSE	FALSE	FALSE	FALSE	FALSE	FALSE	FALSE
wow118.gk117.wow14wowIs3zuIs70.L1	PKC-3 CAAX	C	JLF1481	none	air-1	20230217.emb #24	1.5f		17	nd	n	yn	cont	n	binucleate a*	mid	1.5-2f	FALSE	TRUE	FALSE	FALSE	FALSE	FALSE	FALSE
wow118.gk117.wow14wowIs3zuIs70.L1	PKC-3 CAAX	C	JLF1481	none	air-1	20230217.emb #25bot	b/c		16	nd	yn	y	cont	n		mid	comma	TRUE	TRUE	FALSE	FALSE	FALSE	FALSE	FALSE
wow118.gk117.wow14wowIs3zuIs70.L1	PKC-3 CAAX	C	JLF1481	none	air-1	20230217.emb #27	lE16	V	15	nd	n	n	cont	n		pre	bean	FALSE	FALSE	FALSE	FALSE	FALSE	FALSE	FALSE
wow118.gk117.wow14wowIs3zuIs70.L1	PKC-3 CAAX	C	JLF1481	none	air-1	20230217.emb #28	2f		nd	nd	n	n	cont	y		post	1.5-2f	FALSE	FALSE	FALSE	FALSE	FALSE	FALSE	FALSE
wow118.gk117.wow14wowIs3zuIs70.L1	PKC-3 CAAX	C	JLF1481	none	air-1	20230217.emb #29	b	V	14	nd	y	n	cont	n	thin @ a*	mid	bean	TRUE	FALSE	FALSE	FALSE	FALSE	FALSE	FALSE
wow118.gk117.wow14wowIs3zuIs70.L1	PKC-3 CAAX	C	JLF1481	none	air-1	20230217.emb #30	b	V	15	nd	y&n	n	cont	n		mid	bean	TRUE	FALSE	FALSE	FALSE	FALSE	FALSE	FALSE
wow118.gk117.wow14wowIs3zuIs70.L1	PKC-3 CAAX	C	JLF1481	none	air-1	20230217.emb #31	lE16	V	16	nd	n	n	cont	n		pre	bean	FALSE	FALSE	FALSE	FALSE	FALSE	FALSE	FALSE
wow118.gk117.wow14wowIs3zuIs70.L1	PKC-3 CAAX	C	JLF1481	none	air-1	20230217.emb #32	lE16	V	16	nd	n	n	cont	n		pre	bean	FALSE	FALSE	FALSE	FALSE	FALSE	FALSE	FALSE
wow118.gk117.wow14wowIs3zuIs70.L1	PKC-3 CAAX	C	JLF1481	none	air-1	20230217.emb #34	lE16	V	15	nd	n	n	cont	n		pre	bean	FALSE	FALSE	FALSE	FALSE	FALSE	FALSE	FALSE
wow118.gk117.wow14wowIs3zuIs70.L1	PKC-3 CAAX	C	JLF1481	none	air-1	20230217.emb #35	1.5f		17	nd	n	yn	cont	n	binucleate p*	mid	1.5-2f	FALSE	TRUE	FALSE	FALSE	FALSE	FALSE	FALSE
wow118.gk117.wow14wowIs3zuIs70.L1	PKC-3 CAAX	C	JLF1481	none	air-1	20230217.emb #37	b	D		nd	y	y	cont	n		mid	bean	TRUE	TRUE	FALSE	FALSE	FALSE	FALSE	FALSE
wow118.gk117.wow14wowIs3zuIs70.L1	PKC-3 CAAX	C	JLF1481	none	air-1	20230217.emb #38	lE16	D	16	nd	n	n	cont	n		pre	bean	FALSE	FALSE	FALSE	FALSE	FALSE	FALSE	FALSE
wow118.gk117.wow14wowIs3zuIs70.L1	PKC-3 CAAX	C	JLF1481	none	air-1	20230217.emb #39	lE16	D	16	nd	n	n	cont	n		pre	bean	FALSE	FALSE	FALSE	FALSE	FALSE	FALSE	FALSE
wow118.gk117.wow14wowIs3zuIs70.L1	PKC-3 CAAX	C	JLF1481	none	air-1	20230217.emb #41	1.5f		18	nd	n	n	cont	n		post	1.5-2f	FALSE	FALSE	FALSE	FALSE	FALSE	FALSE	FALSE
wow118.gk117.wow14wowIs3zuIs70.L1	PKC-3 CAAX	C	JLF1481	none	air-1	20230217.emb #42	b	V	16	nd	y&n	y	a* gap	n		mid	bean	TRUE	TRUE	TRUE	FALSE	FALSE	TRUE	FALSE
wow118.gk117.wow14wowIs3zuIs70.L1	PKC-3 CAAX	C	JLF1481	none	air-1	20230217.emb #43	c/1.5f	D	nd	nd	y	yn	cont	n	almost gap @ a*; partial stack	mid	comma	TRUE	TRUE	FALSE	FALSE	FALSE	FALSE	FALSE
wow118.wow169gk117.wowIs3zuIs70	PKC-3 CAAX	C	JLF1478	none	plk-1	20230214 #1	lE16	V	14	nd	yy	nn	cont	n		pre	bean	TRUE	FALSE	FALSE	FALSE	FALSE	FALSE	FALSE
wow118.wow169gk117.wowIs3zuIs70	PKC-3 CAAX	C	JLF1478	none	plk-1	20230214 #2	c/1.5f		11	nd	y&n	n	p* gap	n	posterior punctum @ valve/gut	mid	comma	TRUE	FALSE	FALSE	TRUE	FALSE	TRUE	FALSE
wow118.wow169gk117.wowIs3zuIs70	PKC-3 CAAX	C	JLF1478	none	plk-1	20230214 #3	lE16	D	13	nd	n	n	cont	n		pre	bean	FALSE	FALSE	FALSE	FALSE	FALSE	FALSE	FALSE
wow118.wow169gk117.wowIs3zuIs70	PKC-3 CAAX	C	JLF1478	none	plk-1	20230214 #4	b/c	V	14	nd	y	n	cont	n	weak spot in anterior	mid	comma	TRUE	FALSE	FALSE	FALSE	FALSE	FALSE	FALSE
wow118.wow169gk117.wowIs3zuIs70	PKC-3 CAAX	C	JLF1478	none	plk-1	20230214 #5	lE16	D	11	nd	yy	n	cont	n	thin @ ant, wide in post	pre	bean	TRUE	FALSE	FALSE	FALSE	FALSE	FALSE	FALSE
wow118.wow169gk117.wowIs3zuIs70	PKC-3 CAAX	C	JLF1478	none	plk-1	20230214 #6	lE16	V	11	nd	n	n	cont	n	PKC-3 flare in int2	pre	bean	FALSE	FALSE	FALSE	FALSE	FALSE	FALSE	FALSE
wow118.wow169gk117.wowIs3zuIs70	PKC-3 CAAX	C	JLF1478	none	plk-1	20230214 #8	lE16	D	11	nd	yn	n	cont	n		pre	bean	TRUE	FALSE	FALSE	FALSE	FALSE	FALSE	FALSE
wow118.wow169gk117.wowIs3zuIs70	PKC-3 CAAX	C	JLF1478	none	plk-1	20230214 #9	lE16	D	11	nd	n	n	cont	n		pre	bean	FALSE	FALSE	FALSE	FALSE	FALSE	FALSE	FALSE
wow118.wow169gk117.wowIs3zuIs70	PKC-3 CAAX	C	JLF1478	none	plk-1	20230214 #10	b	V	11	nd	yy	yn	cont	n	widened @ int2	mid	bean	TRUE	TRUE	FALSE	FALSE	FALSE	FALSE	FALSE
wow118.wow169gk117.wowIs3zuIs70	PKC-3 CAAX	C	JLF1478	none	plk-1	20230214 #11	c/1.5f		12	nd	yy	yy	a* gap	n	widened @ post	mid	comma	TRUE	TRUE	TRUE	FALSE	FALSE	TRUE	FALSE
wow118.wow169gk117.wowIs3zuIs70	PKC-3 CAAX	C	JLF1478	none	plk-1	20230214 #12	b	V	13	nd	yy	n	cont	n	way reduced	mid	bean	TRUE	FALSE	FALSE	FALSE	FALSE	FALSE	FALSE
wow118.wow169gk117.wowIs3zuIs70	PKC-3 CAAX	C	JLF1478	none	plk-1	20230214 #13	b	D	10	nd	yn	n	cont	n		mid	bean	TRUE	FALSE	FALSE	FALSE	FALSE	FALSE	FALSE
wow118.wow169gk117.wowIs3zuIs70	PKC-3 CAAX	C	JLF1478	none	plk-1	20230214 #14	1.5f		12	nd	yn	n	cont	n		mid	1.5-2f	TRUE	FALSE	FALSE	FALSE	FALSE	FALSE	FALSE
wow118.wow169gk117.wowIs3zuIs70	PKC-3 CAAX	C	JLF1478	none	plk-1	20230214 #15	b	V	13	nd	yn	n	a* gap		PKC-3 flares midgut, gap is at edge of gut	mid	bean	TRUE	FALSE	TRUE	FALSE	FALSE	TRUE	FALSE
wow118.wow169gk117.wowIs3zuIs70	PKC-3 CAAX	C	JLF1478	none	plk-1	20230214 #16	b	V	13	nd	yy	n	cont	n	PKC-3 wide @ a*	mid	bean	TRUE	FALSE	FALSE	FALSE	FALSE	FALSE	FALSE
wow118.wow169gk117.wowIs3zuIs70	PKC-3 CAAX	C	JLF1478	none	plk-1	20230214 #17	lE16	V	12	nd	n	n	mid gap	n		pre	bean	FALSE	FALSE	FALSE	FALSE	TRUE	TRUE	FALSE
wow118.wow169gk117.wowIs3zuIs70	PKC-3 CAAX	C	JLF1478	none	plk-1	20230214 #18	b	V	11	nd	yy	nn	cont	n	wide @ int1	mid	bean	TRUE	FALSE	FALSE	FALSE	FALSE	FALSE	FALSE
wow118.wow169gk117.wowIs3zuIs70	PKC-3 CAAX	C	JLF1478	none	plk-1	20230214 #19 M2	1.5f		14	nd	n	y&n	a* gap	n	weak @ ant	mid	1.5-2f	FALSE	TRUE	TRUE	FALSE	FALSE	TRUE	FALSE
wow118.wow169gk117.wowIs3zuIs70	PKC-3 CAAX	C	JLF1478	none	plk-1	20230214 #19 M5	lE16	D	12	nd	n	n	cont	n		pre	bean	FALSE	FALSE	FALSE	FALSE	FALSE	FALSE	FALSE
wow118.wow169gk117.wowIs3zuIs70	PKC-3 CAAX	C	JLF1478	none	plk-1	20230214 #20	lE16	V	12	nd	n	n	cont	n		pre	bean	FALSE	FALSE	FALSE	FALSE	FALSE	FALSE	FALSE
wow118.wow169gk117.wowIs3zuIs70	PKC-3 CAAX	C	JLF1478	none	plk-1	20230214 #21	c	V	11	nd	y	n	a* gap	n	gap in mitotic a* cells	mid	comma	TRUE	FALSE	TRUE	FALSE	FALSE	TRUE	FALSE
wow118.wow169gk117.wowIs3zuIs70	PKC-3 CAAX	C	JLF1478	none	plk-1	20230214 #22	b	V	13	nd	n	yn	mid gap	n		mid	bean	FALSE	TRUE	FALSE	FALSE	TRUE	TRUE	FALSE
wow118.wow169gk117.wowIs3zuIs70	PKC-3 CAAX	C	JLF1478	none	plk-1	20230214 #23	lE16	V	14	nd	n	n	cont	n		pre	bean	FALSE	FALSE	FALSE	FALSE	FALSE	FALSE	FALSE
wow118.wow169gk117.wowIs3zuIs70	PKC-3 CAAX	C	JLF1478	none	plk-1	20230214 #24 top	1.8f		15	nd	n	n	cont	y		post	1.5-2f	FALSE	FALSE	FALSE	FALSE	FALSE	FALSE	FALSE
wow118.wow169gk117.wowIs3zuIs70	PKC-3 CAAX	C	JLF1478	none	plk-1	20230214 #24 bot	1.8f		15	nd	n	n	p* gap	y		post	1.5-2f	FALSE	FALSE	FALSE	TRUE	FALSE	TRUE	FALSE
wow118.wow169gk117.wowIs3zuIs70	PKC-3 CAAX	C	JLF1478	none	plk-1	20230214 #25 M1	b	D	12	nd	y&n	n	cont	n	v thin @a* cells	mid	bean	TRUE	FALSE	FALSE	FALSE	FALSE	FALSE	FALSE
wow118.wow169gk117.wowIs3zuIs70	PKC-3 CAAX	C	JLF1478	none	plk-1	20230214 #25 M2	1.8f		14	nd	n	n	p* gap	y		post	1.5-2f	FALSE	FALSE	FALSE	TRUE	FALSE	TRUE	FALSE
wow118.wow169gk117.wowIs3zuIs70	PKC-3 CAAX	C	JLF1478	none	plk-1	20230214 #25 M4	b	V	11	nd	y	n	cont	n	v thin @a* cells	mid	bean	TRUE	FALSE	FALSE	FALSE	FALSE	FALSE	FALSE
wow118.wow169gk117.wowIs3zuIs70	PKC-3 CAAX	C	JLF1478	none	plk-1	20230214 #25 M5	b	D	12	nd	y	n	cont	n	v thin @a* cells	mid	bean	TRUE	FALSE	FALSE	FALSE	FALSE	FALSE	FALSE
wow118.wow169gk117.wowIs3zuIs70	PKC-3 CAAX	C	JLF1478	none	plk-1	20230214 #25 M6	1.5f		11	nd	y&n	n	a* gap	n		mid	1.5-2f	TRUE	FALSE	TRUE	FALSE	FALSE	TRUE	FALSE
wow118.wow169gk117.wowIs3zuIs70	PKC-3 CAAX	C	JLF1478	none	plk-1	20230214 #25 M7R	2f		13	nd	n	n	cont	y		post	1.5-2f	FALSE	FALSE	FALSE	FALSE	FALSE	FALSE	FALSE
wow118.wow169gk117.wowIs3zuIs70	PKC-3 CAAX	C	JLF1478	none	plk-1	20230214 #25 M7L	3f		?	nd			a* gap			post	other	FALSE	FALSE	TRUE	FALSE	FALSE	TRUE	FALSE
wow118.wow169gk117.wowIs3zuIs70	PKC-3 CAAX	C	JLF1478	none	plk-1	20230214 #25 M8	b	V	13	nd	y	n	cont	n	v thin @a* cells	mid	bean	TRUE	FALSE	FALSE	FALSE	FALSE	FALSE	FALSE
wow118.wow169gk117.wowIs3zuIs70	PKC-3 CAAX	C	JLF1478	none	plk-1	20230214 #25 M10	c/1.5f		13	nd	y	n	cont	n	thin @a* cells, wide next to it	mid	comma	TRUE	FALSE	FALSE	FALSE	FALSE	FALSE	FALSE
wow118.wow169gk117.wowIs3zuIs70	PKC-3 CAAX	C	JLF1478	none	plk-1	20230214 #25 M11	c/1.5f		11	nd	y&n	n	cont	n		mid	comma	TRUE	FALSE	FALSE	FALSE	FALSE	FALSE	FALSE
wow118.wow169gk117.wowIs3zuIs70	PKC-3 CAAX	C	JLF1478	none	plk-1	20230214 #26 M1	c		12	nd	yy	yn	a* gap		thin line from 25 became a gap		comma	TRUE	TRUE	TRUE	FALSE	FALSE	TRUE	FALSE
wow118.wow169gk117.wowIs3zuIs70	PKC-3 CAAX	C	JLF1478	none	plk-1	20230215 #1	1.5f		11	nd	n	n	cont	n	thin and small a* gap	post	1.5-2f	FALSE	FALSE	FALSE	FALSE	FALSE	FALSE	FALSE
wow118.wow169gk117.wowIs3zuIs70	PKC-3 CAAX	C	JLF1478	none	plk-1	20230215 #2	b	V	11	nd	y	n	cont	n		mid	bean	TRUE	FALSE	FALSE	FALSE	FALSE	FALSE	FALSE
wow118.wow169gk117.wowIs3zuIs70	PKC-3 CAAX	C	JLF1478	none	plk-1	20230215 #3	lE16	D	14	nd	n	n	cont	n		pre	bean	FALSE	FALSE	FALSE	FALSE	FALSE	FALSE	FALSE
wow118.wow169gk117.wowIs3zuIs70	PKC-3 CAAX	C	JLF1478	none	plk-1	20230215 #4	b	V	13	nd	n	y&n	p* gap	n		mid	bean	FALSE	TRUE	FALSE	TRUE	FALSE	TRUE	FALSE
wow118.wow169gk117.wowIs3zuIs70	PKC-3 CAAX	C	JLF1478	none	plk-1	20230215 #5	lE16	V	10	nd	n	n	cont	n	or post gap? 	pre	bean	FALSE	FALSE	FALSE	FALSE	FALSE	FALSE	FALSE
wow118.wow169gk117.wowIs3zuIs70	PKC-3 CAAX	C	JLF1478	none	plk-1	20230215 #6	b	V	11	nd	y&n	n	a* gap	n		mid	bean	TRUE	FALSE	TRUE	FALSE	FALSE	TRUE	FALSE
wow118.wow169gk117.wowIs3zuIs70	PKC-3 CAAX	C	JLF1478	none	plk-1	20230215 #7L	b	V	13	nd	n	y&n	cont	n	irregular	mid	bean	FALSE	TRUE	FALSE	FALSE	FALSE	FALSE	FALSE
wow118.wow169gk117.wowIs3zuIs70	PKC-3 CAAX	C	JLF1478	none	plk-1	20230215 #7R	lE16	D	14	nd	n	n	cont	n	irregular	pre	bean	FALSE	FALSE	FALSE	FALSE	FALSE	FALSE	FALSE
wow118.wow169gk117.wowIs3zuIs70	PKC-3 CAAX	C	JLF1478	none	plk-1	20230215 #8R	1.5f		10	nd	y&n	n	a* gap	n	one a cell binucleate	mid	1.5-2f	TRUE	FALSE	TRUE	FALSE	FALSE	TRUE	FALSE
wow118.wow169gk117.wowIs3zuIs70	PKC-3 CAAX	C	JLF1478	none	plk-1	20230215 #8bot	3f			nd			p* gap			post	other	FALSE	FALSE	FALSE	TRUE	FALSE	TRUE	FALSE
wow118.wow169gk117.wowIs3zuIs70	PKC-3 CAAX	C	JLF1478	none	plk-1	20230215 #9	1.5f		13	nd	y&n	n	cont	n		mid	1.5-2f	TRUE	FALSE	FALSE	FALSE	FALSE	FALSE	FALSE
wow118.wow169gk117.wowIs3zuIs70	PKC-3 CAAX	C	JLF1478	none	plk-1	20230215 #10	lE16	D	10	nd	n	n	breaks	n		pre	bean	FALSE	FALSE	FALSE	FALSE	TRUE	TRUE	FALSE
wow118.wow169gk117.wowIs3zuIs70	PKC-3 CAAX	C	JLF1478	none	plk-1	20230215 #11	b	V	12	nd	y&n	n	cont	n	see separate post punctum	mid	bean	TRUE	FALSE	FALSE	FALSE	FALSE	FALSE	FALSE
wow118.wow169gk117.wowIs3zuIs70	PKC-3 CAAX	C	JLF1478	none	plk-1	20230215 #12	lE16	V	10	nd	n	n	breaks	n		pre	bean	FALSE	FALSE	FALSE	FALSE	TRUE	TRUE	FALSE
wow118.wow169gk117.wowIs3zuIs70	PKC-3 CAAX	C	JLF1478	none	plk-1	20230215 #14top	c		12	nd	n	n	cont	n	v thin @a* cells	post	comma	FALSE	FALSE	FALSE	FALSE	FALSE	FALSE	FALSE
wow118.wow169gk117.wowIs3zuIs70	PKC-3 CAAX	C	JLF1478	none	plk-1	20230215 #14bot	1.8f		12	nd	y&n	n	cont	n		mid	1.5-2f	TRUE	FALSE	FALSE	FALSE	FALSE	FALSE	FALSE
wow118.wow169gk117.wowIs3zuIs70	PKC-3 CAAX	C	JLF1478	none	plk-1	20230215 #15	c/1.5f		13	nd	y&n	n	cont	n	v thin @a* cells	mid	comma	TRUE	FALSE	FALSE	FALSE	FALSE	FALSE	FALSE
wow118.wow169gk117.wowIs3zuIs70	PKC-3 CAAX	C	JLF1478	none	plk-1	20230215 #16	b	V	10	nd	y	n	cont	n	thin @ a* cells	mid	bean	TRUE	FALSE	FALSE	FALSE	FALSE	FALSE	FALSE
wow118.wow169gk117.wowIs3zuIs70	PKC-3 CAAX	C	JLF1478	none	plk-1	20230215 #18	c	D	11	nd	y	n	cont	n	v thin @a* cells	mid	comma	TRUE	FALSE	FALSE	FALSE	FALSE	FALSE	FALSE
wow118.wow169gk117.wowIs3zuIs70	PKC-3 CAAX	C	JLF1478	none	plk-1	20230215 #19	lE16	V	10	nd	n	n	cont	n		pre	bean	FALSE	FALSE	FALSE	FALSE	FALSE	FALSE	FALSE
wow118.wow169gk117.wowIs3zuIs70	PKC-3 CAAX	C	JLF1478	none	plk-1	20230215 #21	1.8f		9	nd	n	n	cont	n	v thin @a* cells	post	1.5-2f	FALSE	FALSE	FALSE	FALSE	FALSE	FALSE	FALSE
wow118.wow169gk117.wowIs3zuIs70	PKC-3 CAAX	C	JLF1478	none	plk-1	20230215 #22	1.5f		10	nd	n	n	a* gut	n		post	1.5-2f	FALSE	FALSE	TRUE	FALSE	FALSE	TRUE	FALSE
wow118HisGFP.wow169gk117.wowIs3zuIs70	His PKC-3 CAAX	HC	JLF1560	none	plk-1	20230502 1	L1			11			a* p* gap		n, not continuous		L1	NaN	TRUE	TRUE	TRUE	FALSE	TRUE	
wow118HisGFP.wow169gk117.wowIs3zuIs70	His PKC-3 CAAX	HC	JLF1560	none	plk-1	20230502 2	L1			12			p* gap		n, not continuous		L1	NaN	TRUE	FALSE	TRUE	FALSE	TRUE	
wow118HisGFP.wow169gk117.wowIs3zuIs70	His PKC-3 CAAX	HC	JLF1560	none	plk-1	20230502 4	L1			11			p* gap		n, not continuous		L1	NaN	TRUE	FALSE	TRUE	FALSE	TRUE	
wow118HisGFP.wow169gk117.wowIs3zuIs70	His PKC-3 CAAX	HC	JLF1560	none	plk-1	20230502 5	L1			11			bubble		y		L1	NaN	FALSE	FALSE	FALSE	FALSE	FALSE	
wow118HisGFP.wow169gk117.wowIs3zuIs70	His PKC-3 CAAX	HC	JLF1560	none	plk-1	20230502 6	L1			12			p* gap		n, not continuous		L1	NaN	TRUE	FALSE	TRUE	FALSE	TRUE	
wow118HisGFP.wow169gk117.wowIs3zuIs70	His PKC-3 CAAX	HC	JLF1560	none	plk-1	20230502 7	L1			9			p* gap		n, not continuous		L1	NaN	TRUE	FALSE	TRUE	FALSE	TRUE	
wow118HisGFP.wow169gk117.wowIs3zuIs70	His PKC-3 CAAX	HC	JLF1560	none	plk-1	20230502 8	L1			12			p* gap		n, not continuous		L1	NaN	TRUE	FALSE	TRUE	FALSE	TRUE	
wow118HisGFP.wow169gk117.wowIs3zuIs70	His PKC-3 CAAX	HC	JLF1560	none	plk-1	20230502 9	L1			12			wide		y		L1	NaN	FALSE	FALSE	FALSE	FALSE	FALSE	
wow118HisGFP.wow169gk117.wowIs3zuIs70	His PKC-3 CAAX	HC	JLF1560	none	plk-1	20230502 10	L1			10			p* gap		n, not continuous		L1	NaN	TRUE	FALSE	TRUE	FALSE	TRUE	
wow118HisGFP.wow169gk117.wowIs3zuIs70	His PKC-3 CAAX	HC	JLF1560	none	plk-1	20230502 11	L1			13			p* gap		y		L1	NaN	TRUE	FALSE	TRUE	FALSE	TRUE	
wow118HisGFP.wow169gk117.wowIs3zuIs70	His PKC-3 CAAX	HC	JLF1560	none	plk-1	20230502 12	L1			9			weird		n, not continuous		L1	NaN	TRUE	FALSE	FALSE	FALSE	FALSE	
wow118HisGFP.wow169gk117.wowIs3zuIs70	His PKC-3 CAAX	HC	JLF1560	none	plk-1	20230502 13	L1			12			p* gap		n, not continuous		L1	NaN	TRUE	FALSE	TRUE	FALSE	TRUE	
wow118HisGFP.wow169gk117.wowIs3zuIs70	His PKC-3 CAAX	HC	JLF1560	none	plk-1	20230502 14	L1			13			p* gap		n, not continuous		L1	NaN	TRUE	FALSE	TRUE	FALSE	TRUE	
wow118HisGFP.wow169gk117.wowIs3zuIs70	His PKC-3 CAAX	HC	JLF1560	none	plk-1	20230502 15	L1			10			p* gap		n, not continuous		L1	NaN	TRUE	FALSE	TRUE	FALSE	TRUE	
wow118HisGFP.wow169gk117.wowIs3zuIs70	His PKC-3 CAAX	HC	JLF1560	none	plk-1	20230502 16	L1			12			p* gap		n, not continuous		L1	NaN	TRUE	FALSE	TRUE	FALSE	TRUE	
wow118HisGFP.wow169gk117.wowIs3zuIs70	His PKC-3 CAAX	HC	JLF1560	none	plk-1	20230502 17	L1			9			disconnect		y		L1	NaN	FALSE	FALSE	TRUE	TRUE	TRUE	
wow118HisGFP.wow169gk117.wowIs3zuIs70	His PKC-3 CAAX	HC	JLF1560	none	plk-1	20230502 18	L1			10			swollen post		y		L1	NaN	FALSE	FALSE	FALSE	FALSE	FALSE	
wow118HisGFP.wow169gk117.wowIs3zuIs70	His PKC-3 CAAX	HC	JLF1560	none	plk-1	20230502 19	L1			11			p* gap		n, not continuous		L1	NaN	TRUE	FALSE	TRUE	FALSE	TRUE	
wow118HisGFP.wow169gk117.wowIs3zuIs70	His PKC-3 CAAX	HC	JLF1560	none	plk-1	20230502 20	L1			9			p* gap		n, not continuous		L1	NaN	TRUE	FALSE	TRUE	FALSE	TRUE	
wow118HisGFP.wow169gk117.wowIs3zuIs70	His PKC-3 CAAX	HC	JLF1560	none	plk-1	20230502 21	L1			10			p* gap		n, not continuous		L1	NaN	TRUE	FALSE	TRUE	FALSE	TRUE	
wow118HisGFP.wow169gk117.wowIs3zuIs70	His PKC-3 CAAX	HC	JLF1560	none	plk-1	20230502 22	L1			12			p* gap		n, not continuous		L1	NaN	FALSE	FALSE	TRUE	FALSE	TRUE	
wow118HisGFP.wow169gk117.wowIs3zuIs70	His PKC-3 CAAX	HC	JLF1560	none	plk-1	20230502 23	L1			10			p* gap		n, not continuous		L1	NaN	TRUE	FALSE	TRUE	FALSE	TRUE	
wow118HisGFP.wow169gk117.wowIs3zuIs70	His PKC-3 CAAX	HC	JLF1560	none	plk-1	20230502 24	L1			11			cont		y		L1	NaN	TRUE	FALSE	FALSE	FALSE	FALSE	
wow118HisGFP.wow169gk117.wowIs3zuIs70	His PKC-3 CAAX	HC	JLF1560	none	plk-1	20230502 25	L1			11			wide		y		L1	NaN	FALSE	FALSE	FALSE	FALSE	FALSE	
wow118hisGFP.gk117.wow14wowIs3zuIs70	His PKC-3 CAAX	HC	JLF1564	no bal	air-1	20230522 0	L1			20			cont		y		L1	NaN	FALSE	FALSE	FALSE	FALSE	FALSE	
wow118hisGFP.gk117.wow14wowIs3zuIs70	His PKC-3 CAAX	HC	JLF1564	no bal	air-1	20230522 1	L1			16			cont		y		L1	NaN	FALSE	FALSE	FALSE	FALSE	FALSE	
wow118hisGFP.gk117.wow14wowIs3zuIs70	His PKC-3 CAAX	HC	JLF1564	no bal	air-1	20230522 2	L1			20			cont		y		L1	NaN	FALSE	FALSE	FALSE	FALSE	FALSE	
wow118hisGFP.gk117.wow14wowIs3zuIs70	His PKC-3 CAAX	HC	JLF1564	no bal	air-1	20230522 3	L1			18			cont		y		L1	NaN	FALSE	FALSE	FALSE	FALSE	FALSE	
wow118hisGFP.gk117.wow14wowIs3zuIs70	His PKC-3 CAAX	HC	JLF1564	no bal	air-1	20230522 4	L1			18			cont		y		L1	NaN	FALSE	FALSE	FALSE	FALSE	FALSE	
wow118hisGFP.gk117.wow14wowIs3zuIs70	His PKC-3 CAAX	HC	JLF1564	no bal	air-1	20230522 6	L1			19			cont		y		L1	NaN	FALSE	FALSE	FALSE	FALSE	FALSE	
wow118hisGFP.gk117.wow14wowIs3zuIs70	His PKC-3 CAAX	HC	JLF1564	no bal	air-1	20230522 7	L1			19			cont		y		L1	NaN	FALSE	FALSE	FALSE	FALSE	FALSE	
wow118hisGFP.gk117.wow14wowIs3zuIs70	His PKC-3 CAAX	HC	JLF1564	no bal	air-1	20230522 8	L1			15			p* gap		n, not continuous		L1	NaN	TRUE	FALSE	TRUE	FALSE	TRUE	
wow118hisGFP.gk117.wow14wowIs3zuIs70	His PKC-3 CAAX	HC	JLF1564	no bal	air-1	20230522 10	L1			18			cont		y		L1	NaN	FALSE	FALSE	FALSE	FALSE	FALSE	
wow118hisGFP.gk117.wow14wowIs3zuIs70	His PKC-3 CAAX	HC	JLF1564	no bal	air-1	20230522 11	L1			18			cont		y		L1	NaN	FALSE	FALSE	FALSE	FALSE	FALSE	
wow118hisGFP.gk117.wow14wowIs3zuIs70	His PKC-3 CAAX	HC	JLF1564	no bal	air-1	20230522 9, 12	L1			13			wide		y		L1	NaN	TRUE	FALSE	FALSE	FALSE	FALSE	
wow118hisGFP.gk117.wow14wowIs3zuIs70	His PKC-3 CAAX	HC	JLF1564	no bal	air-1	20230522 14	L1			19			cont		y		L1	NaN	FALSE	FALSE	FALSE	FALSE	FALSE	
wow118hisGFP.gk117.wow14wowIs3zuIs70	His PKC-3 CAAX	HC	JLF1564	no bal	air-1	20230522 16	L1			18			cont		y		L1	NaN	FALSE	FALSE	FALSE	FALSE	FALSE	
wow118hisGFP.gk117.wow14wowIs3zuIs70	His PKC-3 CAAX	HC	JLF1564	no bal	air-1	20230522 17	L1			18			cont		y		L1	NaN	FALSE	FALSE	FALSE	FALSE	FALSE	
wow118hisGFP.gk117.wow14wowIs3zuIs70	His PKC-3 CAAX	HC	JLF1564	no bal	air-1	20230522 18	L1			18			cont		y		L1	NaN	FALSE	FALSE	FALSE	FALSE	FALSE	
wow118hisGFP.gk117.wow14wowIs3zuIs70	His PKC-3 CAAX	HC	JLF1564	no bal	air-1	20230522 19	L1			17			cont		y		L1	NaN	FALSE	FALSE	FALSE	FALSE	FALSE	
wow118hisGFP.gk117.wow14wowIs3zuIs70	His PKC-3 CAAX	HC	JLF1564	no bal	air-1	20230522 20	L1			18			cont		y		L1	NaN	FALSE	FALSE	FALSE	FALSE	FALSE	
wow118hisGFP.gk117.wow14wowIs3zuIs70	His PKC-3 CAAX	HC	JLF1564	no bal	air-1	20230522 21	L1			19			cont		y		L1	NaN	FALSE	FALSE	FALSE	FALSE	FALSE	
wow118hisGFP.gk117.wow14wowIs3zuIs70	His PKC-3 CAAX	HC	JLF1564	no bal	air-1	20230522 22	L1			16			wide		y		L1	NaN	FALSE	FALSE	FALSE	FALSE	FALSE	
wow118hisGFP.gk117.wow14wowIs3zuIs70	His PKC-3 CAAX	HC	JLF1564	no bal	air-1	20230522 23	L1			16			wide		y		L1	NaN	FALSE	FALSE	FALSE	FALSE	FALSE	
wow118hisGFP.gk117.wow14wowIs3zuIs70	His PKC-3 CAAX	HC	JLF1564	no bal	air-1	20230522 24	L1			18			cont		y		L1	NaN	FALSE	FALSE	FALSE	FALSE	FALSE	
wow118hisGFP.gk117.wow14wowIs3zuIs70	His PKC-3 CAAX	HC	JLF1564	no bal	air-1	20230522 25	L1			20			cont		y		L1	NaN	FALSE	FALSE	FALSE	FALSE	FALSE	
wow118hisGFP.gk117.wow14wowIs3zuIs70	His PKC-3 CAAX	HC	JLF1564	no bal	air-1	20230522 26	L1			17			wide		y		L1	NaN	FALSE	FALSE	FALSE	FALSE	FALSE	
wow118hisGFP.gk117.wow14wowIs3zuIs70	His PKC-3 CAAX	HC	JLF1564	no bal	air-1	20230522 27	L1			19			cont		y		L1	NaN	FALSE	FALSE	FALSE	FALSE	FALSE	
wow118hisGFP.gk117.wowIs3zuIs70.emb	His PKC-3 CAAX	HC	JLF1527	none	control	20230522 #2	L1			20			cont		y		L1	NaN	FALSE	FALSE	FALSE	FALSE	FALSE	
wow118hisGFP.gk117.wowIs3zuIs70.emb	His PKC-3 CAAX	HC	JLF1527	none	control	20230522 #3	L1			20			cont		y		L1	NaN	FALSE	FALSE	FALSE	FALSE	FALSE	
wow118hisGFP.gk117.wowIs3zuIs70.emb	His PKC-3 CAAX	HC	JLF1527	none	control	20230522 #4	L1			20			cont		y		L1	NaN	FALSE	FALSE	FALSE	FALSE	FALSE	
wow118hisGFP.gk117.wowIs3zuIs70.emb	His PKC-3 CAAX	HC	JLF1527	none	control	20230522 #6	L1			20			cont		y		L1	NaN	FALSE	FALSE	FALSE	FALSE	FALSE	
wow118hisGFP.gk117.wowIs3zuIs70.emb	His PKC-3 CAAX	HC	JLF1527	none	control	20230522 #8	L1			21			cont		y		L1	NaN	FALSE	FALSE	FALSE	FALSE	FALSE	
wow118hisGFP.gk117.wowIs3zuIs70.emb	His PKC-3 CAAX	HC	JLF1527	none	control	20230522 #9	L1			20			cont		y		L1	NaN	FALSE	FALSE	FALSE	FALSE	FALSE	
wow118hisGFP.gk117.wowIs3zuIs70.emb	His PKC-3 CAAX	HC	JLF1527	none	control	20230516 #4	L1			20			cont		y		L1	NaN	FALSE	FALSE	FALSE	FALSE	FALSE	
wow118hisGFP.gk117.wowIs3zuIs70.emb	His PKC-3 CAAX	HC	JLF1527	none	control	20230516 #5	L1			20			cont		y		L1	NaN	FALSE	FALSE	FALSE	FALSE	FALSE	
wow118hisGFP.gk117.wowIs3zuIs70.emb	His PKC-3 CAAX	HC	JLF1527	none	control	20230516 #6	L1			20			cont		y		L1	NaN	FALSE	FALSE	FALSE	FALSE	FALSE	
wow118hisGFP.gk117.wowIs3zuIs70.emb	His PKC-3 CAAX	HC	JLF1527	none	control	20230516 #7	L1			20			cont		y		L1	NaN	FALSE	FALSE	FALSE	FALSE	FALSE	
wow118hisGFP.gk117.wowIs3zuIs70.emb	His PKC-3 CAAX	HC	JLF1527	none	control	20230516 #8	L1			21			cont		y		L1	NaN	FALSE	FALSE	FALSE	FALSE	FALSE	
wow118hisGFP.gk117.wowIs3zuIs70.emb	His PKC-3 CAAX	HC	JLF1527	none	control	20230516 #9	L1			20			cont		y		L1	NaN	FALSE	FALSE	FALSE	FALSE	FALSE	
wow118hisGFP.gk117.wowIs3zuIs70.emb	His PKC-3 CAAX	HC	JLF1527	none	control	20230516 #10	L1			20			cont		y		L1	NaN	FALSE	FALSE	FALSE	FALSE	FALSE	
wow118hisGFP.gk117.wowIs3zuIs70.emb	His PKC-3 CAAX	HC	JLF1527	none	control	20230516 #12	L1			20			cont		y		L1	NaN	FALSE	FALSE	FALSE	FALSE	FALSE	
wow118hisGFP.gk117.wowIs3zuIs70.emb	His PKC-3 CAAX	HC	JLF1527	none	control	20230516 #13	L1			21			cont		y		L1	NaN	FALSE	FALSE	FALSE	FALSE	FALSE	
wow118hisGFP.gk117.wowIs3zuIs70.emb	His PKC-3 CAAX	HC	JLF1527	none	control	20230516 #14	L1			20			cont		y		L1	NaN	FALSE	FALSE	FALSE	FALSE	FALSE	
wow118hisGFP.gk117.wowIs3zuIs70.emb	His PKC-3 CAAX	HC	JLF1527	none	control	20230516 #15	L1			20			cont		y		L1	NaN	FALSE	FALSE	FALSE	FALSE	FALSE	
wow118hisGFP.gk117.wowIs3zuIs70.emb	His PKC-3 CAAX	HC	JLF1527	none	control	20230516 #16	L1			20			cont		y		L1	NaN	FALSE	FALSE	FALSE	FALSE	FALSE	
wow118hisGFP.gk117.wowIs3zuIs70.emb	His PKC-3 CAAX	HC	JLF1527	none	control	20230516 #17	L1			20			cont		y		L1	NaN	FALSE	FALSE	FALSE	FALSE	FALSE	
wow118hisGFP.gk117.wowIs3zuIs70.emb	His PKC-3 CAAX	HC	JLF1527	none	control	20230516 #18	L1			20			cont		y		L1	NaN	FALSE	FALSE	FALSE	FALSE	FALSE	
wow118hisGFP.gk117.wowIs3zuIs70.emb	His PKC-3 CAAX	HC	JLF1527	none	control	20230516 #19	L1			20			cont		y		L1	NaN	FALSE	FALSE	FALSE	FALSE	FALSE	
wow118hisGFP.gk117.wowIs3zuIs70.emb	His PKC-3 CAAX	HC	JLF1527	none	control	20230516 #20	L1			21			cont		y		L1	NaN	FALSE	FALSE	FALSE	FALSE	FALSE	
wow118hisGFP.gk117.wowIs3zuIs70.emb	His PKC-3 CAAX	HC	JLF1527	none	control	20230516 #21	L1			20			cont		y		L1	NaN	FALSE	FALSE	FALSE	FALSE	FALSE	
wow118hisGFP.gk117.wowIs3zuIs70.emb	His PKC-3 CAAX	HC	JLF1527	none	control	20230516 #22	L1			20			cont		y		L1	NaN	FALSE	FALSE	FALSE	FALSE	FALSE	
wow118hisGFP.gk117.wowIs3zuIs70.emb	His PKC-3 CAAX	HC	JLF1527	none	control	20230516 #24	L1			20			cont		y		L1	NaN	FALSE	FALSE	FALSE	FALSE	FALSE	
wow118hisGFP.gk117.wowIs3zuIs70.emb	His PKC-3 CAAX	HC	JLF1527	none	control	20230516 #25	L1			20			cont		y		L1	NaN	FALSE	FALSE	FALSE	FALSE	FALSE	
wow118hisGFP.gk117.wowIs3zuIs70.emb	His PKC-3 CAAX	HC	JLF1527	none	control	20230516 #26	L1			21			cont		y		L1	NaN	FALSE	FALSE	FALSE	FALSE	FALSE	
wow118hisGFP.cdk-1gk117.wowIs3zuIs70	His PKC-3 CAAX	HC	JLF1561	none	cdk-1	20230719 #1	L1			14			cont		y		L1	NaN	FALSE	FALSE	FALSE	FALSE	FALSE	
wow118hisGFP.cdk-1gk117.wowIs3zuIs70	His PKC-3 CAAX	HC	JLF1561	none	cdk-1	20230719 #2	L1			11			cont		y		L1	NaN	FALSE	FALSE	FALSE	FALSE	FALSE	
wow118hisGFP.cdk-1gk117.wowIs3zuIs70	His PKC-3 CAAX	HC	JLF1561	none	cdk-1	20230719 #3	L1			15			cont		y		L1	NaN	FALSE	FALSE	FALSE	FALSE	FALSE	
wow118hisGFP.cdk-1gk117.wowIs3zuIs70	His PKC-3 CAAX	HC	JLF1561	none	cdk-1	20230719 #5	L1			11			cont		y		L1	NaN	FALSE	FALSE	FALSE	FALSE	FALSE	
wow118hisGFP.cdk-1gk117.wowIs3zuIs70	His PKC-3 CAAX	HC	JLF1561	none	cdk-1	20230719 #6	L1			14			cont		y		L1	NaN	FALSE	FALSE	FALSE	FALSE	FALSE	
wow118hisGFP.cdk-1gk117.wowIs3zuIs70	His PKC-3 CAAX	HC	JLF1561	none	cdk-1	20230719 #7	L1			13			p* gap		n, not continuous		L1	NaN	TRUE	FALSE	TRUE	FALSE	TRUE	
wow118hisGFP.cdk-1gk117.wowIs3zuIs70	His PKC-3 CAAX	HC	JLF1561	none	cdk-1	20230719 #8	L1			11			cont		y		L1	NaN	FALSE	FALSE	FALSE	FALSE	FALSE	
wow118hisGFP.cdk-1gk117.wowIs3zuIs70	His PKC-3 CAAX	HC	JLF1561	none	cdk-1	20230719 #9	L1			13			cont		y		L1	NaN	FALSE	FALSE	FALSE	FALSE	FALSE	
wow118hisGFP.cdk-1gk117.wowIs3zuIs70	His PKC-3 CAAX	HC	JLF1561	none	cdk-1	20230719 #10	L1			12			p* gap		n, not continuous		L1	NaN	TRUE	FALSE	TRUE	FALSE	TRUE	
wow118hisGFP.cdk-1gk117.wowIs3zuIs70	His PKC-3 CAAX	HC	JLF1561	none	cdk-1	20230719 #11	L1			9			p* gap		n, not continuous		L1	NaN	TRUE	FALSE	TRUE	FALSE	TRUE	
wow118hisGFP.cdk-1gk117.wowIs3zuIs70	His PKC-3 CAAX	HC	JLF1561	none	cdk-1	20230719 #12	L1			12			p* gap		n, not continuous		L1	NaN	TRUE	FALSE	TRUE	FALSE	TRUE	
wow118hisGFP.cdk-1gk117.wowIs3zuIs70	His PKC-3 CAAX	HC	JLF1561	none	cdk-1	20230719 #13	L1			14			cont		y		L1	NaN	FALSE	FALSE	FALSE	FALSE	FALSE	
wow118hisGFP.cdk-1gk117.wowIs3zuIs70	His PKC-3 CAAX	HC	JLF1561	none	cdk-1	20230719 #14	L1			10			cont		y		L1	NaN	TRUE	FALSE	FALSE	FALSE	FALSE	
wow118hisGFP.cdk-1gk117.wowIs3zuIs70	His PKC-3 CAAX	HC	JLF1561	none	cdk-1	20230719 #15	L1			12			cont		y		L1	NaN	TRUE	FALSE	FALSE	FALSE	FALSE	
wow118hisGFP.cdk-1gk117.wowIs3zuIs70	His PKC-3 CAAX	HC	JLF1561	none	cdk-1	20230719 #16	L1			12			p* gap		n, not continuous		L1	NaN	TRUE	FALSE	TRUE	FALSE	TRUE	
wow118hisGFP.cdk-1gk117.wowIs3zuIs70	His PKC-3 CAAX	HC	JLF1561	none	cdk-1	20230719 #17	L1			10			cont		y		L1	NaN	FALSE	FALSE	FALSE	FALSE	FALSE	
wow118hisGFP.cdk-1gk117.wowIs3zuIs70	His PKC-3 CAAX	HC	JLF1561	none	cdk-1	20230719 #18	L1			13			p* gap		n, not continuous		L1	NaN	TRUE	FALSE	TRUE	FALSE	TRUE	
wow118hisGFP.cdk-1gk117.wowIs3zuIs70	His PKC-3 CAAX	HC	JLF1561	none	cdk-1	20230719 #19	L1			16			cont		y		L1	NaN	FALSE	FALSE	FALSE	FALSE	FALSE	
wow118hisGFP.cdk-1gk117.wowIs3zuIs70	His PKC-3 CAAX	HC	JLF1561	none	cdk-1	20230719 #21	L1			12			cont		y		L1	NaN	FALSE	FALSE	FALSE	FALSE	FALSE	
wow118hisGFP.cdk-1gk117.wowIs3zuIs70	His PKC-3 CAAX	HC	JLF1561	none	cdk-1	20230719 #22	L1			12			cont		y		L1	NaN	TRUE	FALSE	FALSE	FALSE	FALSE	
wow118hisGFP.cdk-1gk117.wowIs3zuIs70	His PKC-3 CAAX	HC	JLF1561	none	cdk-1	20230719 #23	L1			7			p* gap		n, not continuous		L1	NaN	TRUE	FALSE	TRUE	FALSE	TRUE	
wow118hisGFP.cdk-1gk117.wowIs3zuIs70	His PKC-3 CAAX	HC	JLF1561	none	cdk-1	20230719 #24	L1			11			p* gap		n, not continuous		L1	NaN	TRUE	FALSE	TRUE	FALSE	TRUE	
wow118hisGFP.cdk-1gk117.wowIs3zuIs70	His PKC-3 CAAX	HC	JLF1561	none	cdk-1	20230719 #25	L1			13			cont		y		L1	NaN	FALSE	FALSE	FALSE	FALSE	FALSE	
wow118hisGFP.cdk-1gk117.wowIs3zuIs70	His PKC-3 CAAX	HC	JLF1561	none	cdk-1	20230719 #26	L1			10			p* gap		n, not continuous		L1	NaN	TRUE	FALSE	TRUE	FALSE	TRUE	
wow118hisGFP.cdk-1gk117.wowIs3zuIs70	His PKC-3 CAAX	HC	JLF1561	none	cdk-1	20230719 #27	L1			12			cont		y		L1	NaN	FALSE	FALSE	FALSE	FALSE	FALSE	
wow118hisGFP.cdk-1gk117.wowIs3zuIs70	His PKC-3 CAAX	HC	JLF1561	none	cdk-1	20230719 #28	L1			14			cont		y		L1	NaN	FALSE	FALSE	FALSE	FALSE	FALSE	
wow118hisGFP.cdk-1gk117.wowIs3zuIs70	His PKC-3 CAAX	HC	JLF1561	none	cdk-1	20230719 #29	L1			11			cont		y		L1	NaN	FALSE	FALSE	FALSE	FALSE	FALSE	
wow118hisGFP.cdk-1gk117.wowIs3zuIs70	His PKC-3 CAAX	HC	JLF1561	none	cdk-1	20230719 #30	L1			12			cont		y		L1	NaN	TRUE	FALSE	FALSE	FALSE	FALSE	
wow118hisGFP.cdk-1gk117.wowIs3zuIs70	His PKC-3 CAAX	HC	JLF1561	none	cdk-1	20230719 #31	L1			13			cont		y		L1	NaN	TRUE	FALSE	FALSE	FALSE	FALSE	
wow118hisGFP.cdk-1gk117.wowIs3zuIs70	His PKC-3 CAAX	HC	JLF1561	none	cdk-1	20230719 #32	L1			7			a* gap		n, not continuous		L1	NaN	TRUE	TRUE	FALSE	FALSE	TRUE	
wow118hisGFP.cdk-1gk117.wowIs3zuIs70	His PKC-3 CAAX	HC	JLF1561	none	cdk-1	20230719 #33	L1			13			cont		y		L1	NaN	TRUE	FALSE	FALSE	FALSE	FALSE	
wow118hisGFP.cdk-1gk117.wowIs3zuIs70	His PKC-3 CAAX	HC	JLF1561	none	cdk-1	20230719 #34	L1			16			cont		y		L1	NaN	FALSE	FALSE	FALSE	FALSE	FALSE	
wow118hisGFP.cdk-1gk117.wowIs3zuIs70	His PKC-3 CAAX	HC	JLF1561	none	cdk-1	20230719 #35	L1			12			cont		y		L1	NaN	FALSE	FALSE	FALSE	FALSE	FALSE	
wow118hisGFP.cdk-1gk117.wowIs3zuIs70	His PKC-3 CAAX	HC	JLF1561	none	cdk-1	20230719 #36	L1			13			cont		y		L1	NaN	FALSE	FALSE	FALSE	FALSE	FALSE	
wow118hisGFP.cdk-1gk117.wowIs3zuIs70	His PKC-3 CAAX	HC	JLF1561	none	cdk-1	20230719 #37	L1			10			p* gap		n, not continuous		L1	NaN	TRUE	FALSE	TRUE	FALSE	TRUE	
wow118hisGFP.cdk-1gk117.wowIs3zuIs70	His PKC-3 CAAX	HC	JLF1561	none	cdk-1	20230719 #38	L1			8			cont		y		L1	NaN	TRUE	FALSE	FALSE	FALSE	FALSE	
wow118hisGFP.cdk-1gk117.wowIs3zuIs70	His PKC-3 CAAX	HC	JLF1561	none	cdk-1	20230719 #39	L1			11			p* gap		n, not continuous		L1	NaN	TRUE	FALSE	TRUE	FALSE	TRUE	
wow118hisGFP.cdk-1gk117.wowIs3zuIs70	His PKC-3 CAAX	HC	JLF1561	none	cdk-1	20230719 #40	L1			10			cont		y		L1	NaN	TRUE	FALSE	FALSE	FALSE	FALSE	
wow118hisGFP.spd-5zfbfpgk117.wowIs3.emb	His PKC-3 CAAX	HC	JLF1563	none	spd-5	20230614 #21	L1			12			cont		y		L1	NaN	FALSE	FALSE	FALSE	FALSE	FALSE	
wow118hisGFP.spd-5zfbfpgk117.wowIs3.emb	His PKC-3 CAAX	HC	JLF1563	none	spd-5	20230614 #22	L1			14			mid gap		n, not continuous		L1	NaN	FALSE	FALSE	FALSE	TRUE	TRUE	
wow118hisGFP.spd-5zfbfpgk117.wowIs3.emb	His PKC-3 CAAX	HC	JLF1563	none	spd-5	20230614 #24	L1			16			cont		y		L1	NaN	FALSE	FALSE	FALSE	FALSE	FALSE	
wow118hisGFP.spd-5zfbfpgk117.wowIs3.emb	His PKC-3 CAAX	HC	JLF1563	none	spd-5	20230614 #25	L1			13			p* gap		n, not continuous		L1	NaN	TRUE	FALSE	TRUE	FALSE	TRUE	
wow118hisGFP.spd-5zfbfpgk117.wowIs3.emb	His PKC-3 CAAX	HC	JLF1563	none	spd-5	20230614 #26	L1			15			cont		y		L1	NaN	FALSE	FALSE	FALSE	FALSE	FALSE	
wow118hisGFP.spd-5zfbfpgk117.wowIs3.emb	His PKC-3 CAAX	HC	JLF1563	none	spd-5	20230614 #27	L1			15			p* gap		n, not continuous		L1	NaN	TRUE	FALSE	TRUE	FALSE	TRUE	
wow118hisGFP.spd-5zfbfpgk117.wowIs3.emb	His PKC-3 CAAX	HC	JLF1563	none	spd-5	20230614 #28	L1			16			cont		y		L1	NaN	FALSE	FALSE	FALSE	FALSE	FALSE	
wow118hisGFP.spd-5zfbfpgk117.wowIs3.emb	His PKC-3 CAAX	HC	JLF1563	none	spd-5	20230614 #29	L1			16			cont		y		L1	NaN	FALSE	FALSE	FALSE	FALSE	FALSE	
wow118hisGFP.spd-5zfbfpgk117.wowIs3.emb	His PKC-3 CAAX	HC	JLF1563	none	spd-5	20230614 #30	L1			15			cont		y		L1	NaN	FALSE	FALSE	FALSE	FALSE	FALSE	
wow118hisGFP.spd-5zfbfpgk117.wowIs3.emb	His PKC-3 CAAX	HC	JLF1563	none	spd-5	20230614 #31	L1			16			cont		y		L1	NaN	FALSE	FALSE	FALSE	FALSE	FALSE	
wow118hisGFP.spd-5zfbfpgk117.wowIs3.emb	His PKC-3 CAAX	HC	JLF1563	none	spd-5	20230614 #32	L1			16			cont		y		L1	NaN	FALSE	FALSE	FALSE	FALSE	FALSE	
wow118hisGFP.spd-5zfbfpgk117.wowIs3.emb	His PKC-3 CAAX	HC	JLF1563	none	spd-5	20230614 #33	L1			16			cont		y		L1	NaN	FALSE	FALSE	FALSE	FALSE	FALSE	
wow118hisGFP.spd-5zfbfpgk117.wowIs3.emb	His PKC-3 CAAX	HC	JLF1563	none	spd-5	20230614 #34	L1			15			cont		y		L1	NaN	FALSE	FALSE	FALSE	FALSE	FALSE	
wow118hisGFP.spd-5zfbfpgk117.wowIs3.emb	His PKC-3 CAAX	HC	JLF1563	none	spd-5	20230614 #35	L1			16			cont		y		L1	NaN	FALSE	FALSE	FALSE	FALSE	FALSE	
wow118hisGFP.spd-5zfbfpgk117.wowIs3.emb	His PKC-3 CAAX	HC	JLF1563	none	spd-5	20230614 #36	L1			16			cont		y		L1	NaN	FALSE	FALSE	FALSE	FALSE	FALSE	
wow118hisGFP.spd-5zfbfpgk117.wowIs3.emb	His PKC-3 CAAX	HC	JLF1563	none	spd-5	20230614 #37	L1			15			p* gap		n, not continuous		L1	NaN	FALSE	FALSE	TRUE	FALSE	TRUE	
wow118hisGFP.spd-5zfbfpgk117.wowIs3.emb	His PKC-3 CAAX	HC	JLF1563	none	spd-5	20230614 #38	L1			15			cont		y		L1	NaN	FALSE	FALSE	FALSE	FALSE	FALSE	
wow118hisGFP.spd-5zfbfpgk117.wowIs3.emb	His PKC-3 CAAX	HC	JLF1563	none	spd-5	20230614 #39	L1			15			cont		y		L1	NaN	TRUE	FALSE	FALSE	FALSE	FALSE	
wow118hisGFP.spd-5zfbfpgk117.wowIs3.emb	His PKC-3 CAAX	HC	JLF1563	none	spd-5	20230614 #40	L1			15			cont		y		L1	NaN	FALSE	FALSE	FALSE	FALSE	FALSE	
wow118hisGFP.spd-5zfbfpgk117.wowIs3.emb	His PKC-3 CAAX	HC	JLF1563	none	spd-5	20230614 #41	L1			13			mid gap		n, not continuous		L1	NaN	FALSE	FALSE	FALSE	TRUE	TRUE	
wow118hisGFP.spd-5zfbfpgk117.wowIs3.emb	His PKC-3 CAAX	HC	JLF1563	none	spd-5	20230614 #42	L1			15			p* gap		n, not continuous		L1	NaN	TRUE	FALSE	TRUE	FALSE	TRUE	
wow118hisGFP.spd-5zfbfpgk117.wowIs3.emb	His PKC-3 CAAX	HC	JLF1563	none	spd-5	20230614 #43	L1			14			cont		y		L1	NaN	FALSE	FALSE	FALSE	FALSE	FALSE	
wow118hisGFP.paa-1gk117.wowIs3CAAX	His PKC-3	H	JLF1576	lacks CAAX	paa-1	20230614 #1	L1			18			a* mid p* gap		n, not continuous		L1	NaN	FALSE	TRUE	TRUE	TRUE	TRUE	
wow118hisGFP.paa-1gk117.wowIs3CAAX	His PKC-3	H	JLF1576	lacks CAAX	paa-1	20230614 #2	L1			16			p* gap		n, not continuous		L1	NaN	FALSE	FALSE	TRUE	FALSE	TRUE	
wow118hisGFP.paa-1gk117.wowIs3CAAX	His PKC-3	H	JLF1576	lacks CAAX	paa-1	20230614 #3	L1			17			cont		y		L1	NaN	FALSE	FALSE	FALSE	FALSE	FALSE	
wow118hisGFP.paa-1gk117.wowIs3CAAX	His PKC-3	H	JLF1576	lacks CAAX	paa-1	20230614 #4	L1			15			p* gap		n, not continuous		L1	NaN	FALSE	FALSE	TRUE	FALSE	TRUE	
wow118hisGFP.paa-1gk117.wowIs3CAAX	His PKC-3	H	JLF1576	lacks CAAX	paa-1	20230614 #5	L1			18			cont		y		L1	NaN	FALSE	FALSE	FALSE	FALSE	FALSE	
wow118hisGFP.paa-1gk117.wowIs3CAAX	His PKC-3	H	JLF1576	lacks CAAX	paa-1	20230614 #6	L1			18			p* gap		n, not continuous		L1	NaN	FALSE	FALSE	TRUE	FALSE	TRUE	
wow118hisGFP.paa-1gk117.wowIs3CAAX	His PKC-3	H	JLF1576	lacks CAAX	paa-1	20230614 #7	L1			17			cont		y		L1	NaN	FALSE	FALSE	FALSE	FALSE	FALSE	
wow118hisGFP.paa-1gk117.wowIs3CAAX	His PKC-3	H	JLF1576	lacks CAAX	paa-1	20230614 #8	L1			17			p* gap		n, not continuous		L1	NaN	FALSE	FALSE	TRUE	FALSE	TRUE	
wow118hisGFP.paa-1gk117.wowIs3CAAX	His PKC-3	H	JLF1576	lacks CAAX	paa-1	20230614 #9	L1			17			p* gap		n, not continuous		L1	NaN	FALSE	FALSE	TRUE	FALSE	TRUE	
wow118hisGFP.paa-1gk117.wowIs3CAAX	His PKC-3	H	JLF1576	lacks CAAX	paa-1	20230614 #10	L1			16			mid gap		n, not continuous		L1	NaN	FALSE	FALSE	FALSE	TRUE	TRUE	
wow118hisGFP.paa-1gk117.wowIs3CAAX	His PKC-3	H	JLF1576	lacks CAAX	paa-1	20230614 #11	L1			17			cont		y		L1	NaN	FALSE	FALSE	FALSE	FALSE	FALSE	
wow118hisGFP.paa-1gk117.wowIs3CAAX	His PKC-3	H	JLF1576	lacks CAAX	paa-1	20230614 #12	L1			16			a* p* gap		n, not continuous		L1	NaN	FALSE	TRUE	TRUE	FALSE	TRUE	
wow118hisGFP.paa-1gk117.wowIs3CAAX	His PKC-3	H	JLF1576	lacks CAAX	paa-1	20230614 #13	L1			15			a* p* gap		n, not continuous		L1	NaN	FALSE	TRUE	TRUE	FALSE	TRUE	
wow118hisGFP.paa-1gk117.wowIs3CAAX	His PKC-3	H	JLF1576	lacks CAAX	paa-1	20230614 #14	L1			18			p* gap		n, not continuous		L1	NaN	FALSE	FALSE	TRUE	FALSE	TRUE	
wow118hisGFP.paa-1gk117.wowIs3CAAX	His PKC-3	H	JLF1576	lacks CAAX	paa-1	20230614 #15	L1			16			p* gap		n, not continuous		L1	NaN	FALSE	FALSE	TRUE	FALSE	TRUE	
wow118hisGFP.paa-1gk117.wowIs3CAAX	His PKC-3	H	JLF1576	lacks CAAX	paa-1	20230614 #17	L1			12			p* gap		n, not continuous		L1	NaN	FALSE	FALSE	TRUE	FALSE	TRUE	
wow118hisGFP.paa-1gk117.wowIs3CAAX	His PKC-3	H	JLF1576	lacks CAAX	paa-1	20230614 #18	L1			16			p* gap		n, not continuous		L1	NaN	FALSE	FALSE	TRUE	FALSE	TRUE	
wow118hisGFP.paa-1gk117.wowIs3CAAX	His PKC-3	H	JLF1576	lacks CAAX	paa-1	20230614 #19	L1			16			cont		y		L1	NaN	FALSE	FALSE	FALSE	FALSE	FALSE	
wow118hisGFP.paa-1gk117.wowIs3CAAX	His PKC-3	H	JLF1576	lacks CAAX	paa-1	20230614 #21	L1			16			p* gap		n, not continuous		L1	NaN	FALSE	FALSE	TRUE	FALSE	TRUE	