item	Sample1	Sample2	Sample3	Sample4	Sample5	Sample6	Sample7	Sample8
frame_rate	1.443	1.44	1.443	1.436	1.436	1.403	1.431	1.443
4 cell	6	0	-10	8	2	7	0	0
ABprpapppDiv	129.5	113.5	106	127.5	116	125.5	117.5	116
gastrulationEnd	168	140	144	162	155	144	149	146
ABprpappppDiv	177	155	147	174	159	167	166	161
E16first	137	121	103	127	114	123	121	117
E16last	146	131	119	145	123	137	135	133
EplppTouchABpxpppppa	164	144	133	162	144	147	155	153
gutColumnar	165	147	134	158	143	151	146	148
int5start	175	150	140	161	146	158	159	171
int5end	203	173	165	200	173	188	200	195
int5len	28	23	25	39	27	30	41	24
PstarR	244	na	na	na	na	na	na	na
PstarL	240	na	na	na	na	na	na	na
virWedge	220	190	na	214	195	na	na	na